p-CarbomethoxybenzamideA.p-Carbomethoxylbenzamide.A	4	43	0	1	aAaaaaaaaaaaaaaaaaaaaaAaAaaaaaaaaaaaaaaaaaaaaaA	1	ppp-p-CA.Ae.Ade.A	0
magnetic	0	8	0	0	aaaaaaaa	1	mmmamagcicticetic	0
temperature40-45ºC).	1	12	4	1	aaaaaaaaaaa0000aA	1	tttetem.).C).ºC).	0
(40ml	0	2	2	1	00aa	1	(((4(40lml0ml40ml	0
tolueneCLASS	5	7	0	0	aaaaaaaAAAAA	1	tttotolSSSASSLASS	0
T03541AmidesCLASS	7	5	5	0	A00000AaaaaaAAAAA	1	TTT0T03SSSASSLASS	0
round-bottomedflaskanddried	0	26	0	1	aaaaaaaaaaaaaaaaaaaaaaaaaa	1	rrroroudediedried	0
arefluxcondenserand	0	19	0	0	aaaaaaaaaaaaaaaaaaa	1	aaararedndandrand	0
163168ArgonCLASS	6	4	6	0	000000AaaaaAAAAA	1	1116163SSSASSLASS	0
mmHg,bathtemperature40-45	1	18	4	1	aaAaaaaaaaaaaaaaaaa0000	1	mmmmmmH545-450-45	0
solidistransferred	0	18	0	0	aaaaaaaaaaaaaaaaaa	1	sssosoldedredrred	0
(Notes4and	1	7	1	1	Aaaaa0aaa	1	(((N(Nodndand4and	0
under	0	5	0	0	aaaaa	1	uuunundrerdernder	0
)for4	0	3	1	1	aaa0	1	)))f)fo4r4or4for4	0
27p-CarbomethoxylbenzamideCLASSV89P0066	8	22	8	1	00aAaaaaaaaaaaaaaaaaaaaaaAAAAAA00A0000	1	222727p6660660066	0
acetaldoxime(9.2	0	12	2	1	aaaaaaaaaaaa00	1	aaacace2.29.2(9.2	0
ofNitrilestoAmides:	2	16	0	1	aaAaaaaaaaaaAaaaaa	1	ooofofN:s:es:des:	0
Wilkinson'scatalystCLASSV89P0066	8	17	6	1	AaaaaaaaaaaaaaaaaaAAAAAA00A0000	1	WWWiWil6660660066	0
allowedtocooldown	0	17	0	0	aaaaaaaaaaaaaaaaa	1	aaalallnwnowndown	0
156mmol	0	4	3	0	000aaaa	1	1115156lolmolmmol	0
catalystCLASSV89P0066S1	8	8	7	0	aaaaaaaaAAAAAA00A0000A0	1	cccacat1S16S166S1	0
resultingmixture	0	16	0	0	aaaaaaaaaaaaaaaa	1	rrreresereureture	0
.Thereactionmixtureis	1	19	0	1	Aaaaaaaaaaaaaaaaaaaa	1	...T.Thsiseisreis	0
HydrationofNitriles	2	17	0	0	AaaaaaaaaaaAaaaaaaa	1	HHHyHydseslesiles	0
,Wilkinson'scatalyst	1	17	0	1	Aaaaaaaaaaaaaaaaaa	1	,,,W,Witstystlyst	0
througha	0	8	0	0	aaaaaaaa	1	ttththrahaghaugha	0
Argonbubblerischargedwith	1	24	0	0	Aaaaaaaaaaaaaaaaaaaaaaaaa	1	AAArArghthithwith	0
5.0g,	0	1	2	1	00a	1	555.5.0,g,0g,.0g,	0
994999waterCLASS	5	5	6	0	000000aaaaaAAAAA	1	9999994SSSASSLASS	0
S1723728Water	2	4	7	0	A0000000Aaaaa	1	SSS1S17rerterater	0
isconcentrated	0	14	0	0	aaaaaaaaaaaaaa	1	iiisiscdedtedated	0
transferredtoa50-mLround-bottomed	1	28	2	1	aaaaaaaaaaaaaa00aAaaaaaaaaaaaaa	1	tttrtradedmedomed	0
whitesolid.V89P0066S1	3	10	7	1	aaaaaaaaaaA00A0000A0	1	wwwhwhi1S16S166S1	0
'scatalystCLASSV89P0066S1	8	9	7	1	aaaaaaaaaAAAAAA00A0000A0	1	'''s'sc1S16S166S1	0
,arefluxcondenserand	0	19	0	1	aaaaaaaaaaaaaaaaaaa	1	,,,a,ardndandrand	0
10)aa	0	2	2	1	00aa	1	111010)aaa)aa0)aa	0
Hydration	1	8	0	0	Aaaaaaaaa	1	HHHyHydnoniontion	0
723728	0	0	6	0	000000	1	77727238287283728	0
)(Notes4	1	4	1	1	Aaaaa0	1	)))()(N4s4es4tes4	0
(Note8).	1	3	1	1	Aaaa0	1	(((N(No.).8).e8).	0
temperature)underairfor	0	22	0	1	aaaaaaaaaaaaaaaaaaaaaa	1	tttetemrorforrfor	0
(9.2g,9.5	0	1	4	1	00a00	1	(((9(9.5.59.5,9.5	0
,156mmol,	0	4	3	1	000aaaa	1	,,,1,15,l,ol,mol,	0
mmol)(Note1	1	7	1	1	aaaaAaaa0	1	mmmmmmo1e1te1ote1	0
S1372	1	0	4	0	A0000	1	SSS1S132723721372	0
(20mL)	1	1	2	1	00aA	1	(((2(20)L)mL)0mL)	0
5.1g	0	1	2	1	00a	1	555.5.1g1g.1g5.1g	0
cooldownto	0	10	0	0	aaaaaaaaaa	1	cccocoootontownto	0
g,31mmol)	0	5	2	1	a00aaaa	1	ggg,g,3)l)ol)mol)	0
Thereaction	1	10	0	0	Aaaaaaaaaaa	1	TTThThenoniontion	0
T02331	1	0	5	0	A00000	1	TTT0T021313312331	0
temperature130ºC)for	1	15	3	1	aaaaaaaaaaa000aAaaa	1	tttetemrorfor)for	0
vacuum(	0	6	0	1	aaaaaa	1	vvvavac(m(um(uum(	0
A.p-Carbomethoxylbenzamide.A	3	22	0	1	AaAaaaaaaaaaaaaaaaaaaaaaA	1	AAA.A.pA.Ae.Ade.A	0
ºC).	1	1	0	1	aA	1	ºººCºC).).C).ºC).	0
onrotaryevaporator(20-30	0	18	4	1	aaaaaaaaaaaaaaaaaa0000	1	ooononr030-300-30	0
Thesolid	1	7	0	0	Aaaaaaaa	1	TTThThedidlidolid	0
temperature(	0	11	0	1	aaaaaaaaaaa	1	tttetem(e(re(ure(	0
temperature)	0	11	0	1	aaaaaaaaaaa	1	tttetem)e)re)ure)	0
reagent:methyl	0	13	0	1	aaaaaaaaaaaaa	1	rrrerealylhylthyl	0
waterCLASSV89P0066T023	8	5	9	0	aaaaaAAAAAA00A0000A000	1	wwwawat323023T023	0
single-necked	0	12	0	1	aaaaaaaaaaaa	1	sssisindedkedcked	0
4and5)	0	3	2	1	0aaa0	1	444a4an)5)d5)nd5)	0
mL	1	1	0	0	aA	0		0
.V89P0066S1307	3	0	10	1	A00A0000A0000	1	...V.V87073071307	0
92	0	0	2	0	00	0		0
%)ofp-carbomethoxylbenzamide(	0	25	0	1	aaaaaaaaaaaaaaaaaaaaaaaaa	1	%%%)%)o(e(de(ide(	0
mg	0	2	0	0	aa	0		0
withthefollowingorderof	0	23	0	0	aaaaaaaaaaaaaaaaaaaaaaa	1	wwwiwitfofroferof	0
andthenisallowedto	0	18	0	0	aaaaaaaaaaaaaaaaaa	1	aaanandotodtoedto	0
mm	0	2	0	0	aa	0		0
ml	0	2	0	0	aa	0		0
bathtemperature40-45ºC	1	16	4	1	aaaaaaaaaaaaaaa0000aA	1	bbbabatCºC5ºC45ºC	0
2331NitrilesCLASSV89P0066	8	7	10	0	0000AaaaaaaaAAAAAA00A0000	1	22232336660660066	0
thefollowingorderofthe	0	22	0	0	aaaaaaaaaaaaaaaaaaaaaa	1	ttththeehethefthe	0
307327	0	0	6	0	000000	1	33303077273277327	0
V89P0066S1994	3	0	10	0	A00A0000A0000	1	VVV8V894949941994	0
CLASSV89P0066T03541	8	0	11	0	AAAAAA00A0000A00000	1	CCCLCLA1415413541	0
5.1g(92	0	1	4	1	00a00	1	555.5.1292(92g(92	0
S1723728	1	0	7	0	A0000000	1	SSS1S178287283728	0
rotaryevaporator(	0	16	0	1	aaaaaaaaaaaaaaaa	1	rrrorot(r(or(tor(	0
tolueneCLASSV89P0066S1723	8	7	10	0	aaaaaaaAAAAAA00A0000A0000	1	tttotol3237231723	0
and10)aa	0	5	2	1	aaa00aa	1	aaanandaaa)aa0)aa	0
Büchner	1	6	0	0	Aaaaaaa	1	BBBüBücrernerhner	0
magneticstirringbar(round	0	24	0	1	aaaaaaaaaaaaaaaaaaaaaaaa	1	mmmamagdndundound	0
A	1	0	0	0	A	0		0
stirringbar(	0	11	0	1	aaaaaaaaaaa	1	ssststi(r(ar(bar(	0
mol%)(Note	1	6	0	1	aaaAaaa	1	mmmomoleteoteNote	0
toroomtemperature(Note	1	20	0	1	aaaaaaaaaaaaaaaaaAaaa	1	tttotoreteoteNote	0
),toluene	0	7	0	1	aaaaaaa	1	))),),teneeneuene	0
order	0	5	0	0	aaaaa	1	ooorordrerderrder	0
torefluxwithan	0	14	0	0	aaaaaaaaaaaaaa	1	tttotornanhanthan	0
mmHg	1	3	0	0	aaAa	1	mmmmmmHgHgmHgmmHg	0
Notes4and5	1	7	2	0	Aaaaa0aaa0	1	NNNoNot5d5nd5and5	0
Hydrationof	1	10	0	0	Aaaaaaaaaaa	1	HHHyHydfofnofonof	0
and7).	0	3	1	1	aaa0	1	aaanand.).7).d7).	0
.A100-mLsingle-necked	2	13	3	1	A000aAaaaaaaaaaaaa	1	...A.A1dedkedcked	0
A100-mLsingle-necked,round-bottomed	2	26	3	1	A000aAaaaaaaaaaaaaaaaaaaaaaaaaa	1	AAA1A10dedmedomed	0
WaterCLASSV89P0066	8	4	6	0	AaaaaAAAAAA00A0000	1	WWWaWat6660660066	0
mmol,5.0	0	4	2	1	aaaa00	1	mmmmmmo0.05.0,5.0	0
,	0	0	0	1		0		0
0.1mmHg)	1	3	2	1	00aaAa	1	000.0.1)g)Hg)mHg)	0
41AmidesCLASSV89P0066	8	5	8	0	00AaaaaaAAAAAA00A0000	1	444141A6660660066	0
then	0	4	0	0	aaaa	1	ttththenenhenthen	0
reagent	0	7	0	0	aaaaaaa	1	rrrereatntentgent	0
A100-mL	2	1	3	1	A000aA	1	AAA1A10LmL-mL0-mL	0
g,31	0	1	2	1	a00	1	ggg,g,3131,31g,31	0
catalystCLASSV89P0066	7	8	6	0	aaaaaaaaAAAAAA00A0000	1	cccacat6660660066	0
mmol)	0	4	0	1	aaaa	1	mmmmmmo)l)ol)mol)	0
mmol,	0	4	0	1	aaaa	1	mmmmmmo,l,ol,mol,	0
372	0	0	3	0	000	0		0
temperature(Notes	1	15	0	1	aaaaaaaaaaaAaaaa	1	tttetemsestesotes	0
Note8).	1	3	1	1	Aaaa0	1	NNNoNot.).8).e8).	0
isheatedwithanoil	0	17	0	0	aaaaaaaaaaaaaaaaa	1	iiisishliloilnoil	0
concentrateandthemixture	0	24	0	0	aaaaaaaaaaaaaaaaaaaaaaaa	1	cccoconereureture	0
oilbath(90~100°C	1	7	5	1	aaaaaaa00000A	1	oooioilC°C0°C00°C	0
iswashedwithwater(	0	17	0	1	aaaaaaaaaaaaaaaaa	1	iiisisw(r(er(ter(	0
,round-bottomedflaskthat	0	22	0	1	aaaaaaaaaaaaaaaaaaaaaa	1	,,,r,rotathatthat	0
9.5mL)	1	1	2	1	00aA	1	999.9.5)L)mL)5mL)	0
9.5mL,	1	1	2	1	00aA	1	999.9.5,L,mL,5mL,	0
31NitrilesCLASSV89P0066	8	7	8	0	00AaaaaaaaAAAAAA00A0000	1	333131N6660660066	0
washed	0	6	0	0	aaaaaa	1	wwwawasdedhedshed	0
acetaldoxime(9.2g,	0	13	2	1	aaaaaaaaaaaa00a	1	aaacace,g,2g,.2g,	0
)toafford	0	8	0	1	aaaaaaaa	1	)))t)todrdordford	0
bath(90~100	0	4	5	1	aaaa00000	1	bbbabat000100~100	0
g(92%	0	1	2	1	a00	1	ggg(g(9%2%92%(92%	0
temperature(Note8	1	14	1	1	aaaaaaaaaaaAaaa0	1	tttetem8e8te8ote8	0
thatis	0	6	0	0	aaaaaa	1	ttththasistisatis	0
).Theresulting	1	11	0	1	Aaaaaaaaaaaa	1	))).).Tgngingting	0
flaskanddriedunder	0	18	0	0	aaaaaaaaaaaaaaaaaa	1	ffflflarerdernder	0
1149p-carbomethoxylbenzamideCLASS	5	23	4	1	0000aaaaaaaaaaaaaaaaaaaaaaaAAAAA	1	1111114SSSASSLASS	0
(round,	0	5	0	1	aaaaa	1	(((r(ro,d,nd,und,	0
).Thereaction	1	10	0	1	Aaaaaaaaaaa	1	))).).Tnoniontion	0
CLASSV89P0066S111251149	8	0	15	0	AAAAAA00A0000A000000000	1	CCCLCLA9491491149	0
chargedwiththe	0	14	0	0	aaaaaaaaaaaaaa	1	ccchchaehethehthe	0
withamagneticstirring	0	21	0	0	aaaaaaaaaaaaaaaaaaaaa	1	wwwiwitgngingring	0
temperature(Notes6and	1	18	1	1	aaaaaaaaaaaAaaaa0aaa	1	tttetemdndand6and	0
Notes6and7	1	7	2	0	Aaaaa0aaa0	1	NNNoNot7d7nd7and7	0
A100-mLsingle-necked,	2	13	3	1	A000aAaaaaaaaaaaaa	1	AAA1A10,d,ed,ked,	0
mL,156mmol	1	5	3	1	aA000aaaa	1	mmmLmL,lolmolmmol	0
solidistransferredto	0	20	0	0	aaaaaaaaaaaaaaaaaaaa	1	sssosolotodtoedto	0
2	0	0	1	0	0	0		1
bathtemperature)	0	15	0	1	aaaaaaaaaaaaaaa	1	bbbabat)e)re)ure)	0
163168Argon	1	4	6	0	000000Aaaaa	1	1116163nongonrgon	0
toa	0	3	0	0	aaa	0		0
)for4h	0	4	1	1	aaa0a	1	)))f)foh4hr4hor4h	0
p-CarbomethoxybenzamideCLASS	6	21	0	1	aAaaaaaaaaaaaaaaaaaaaaAAAAA	1	ppp-p-CSSSASSLASS	0
flaskanddried	0	13	0	0	aaaaaaaaaaaaa	1	ffflfladediedried	0
Argonbubblerischarged	1	20	0	0	Aaaaaaaaaaaaaaaaaaaaa	1	AAArArgdedgedrged	0
,5x15	0	1	3	1	0a00	1	,,,5,5x515x155x15	0
V89P0066S1723728Water	4	4	13	0	A00A0000A0000000Aaaaa	1	VVV8V89rerterater	0
p-carbomethoxylbenzamide	0	23	0	1	aaaaaaaaaaaaaaaaaaaaaaa	1	ppp-p-cedeidemide	1
reducedpressureon	0	17	0	0	aaaaaaaaaaaaaaaaa	1	rrrerednoneonreon	0
heatedwithanoilbath	0	19	0	0	aaaaaaaaaaaaaaaaaaa	1	hhheheahthathbath	0
(bathtemperature130	0	15	3	1	aaaaaaaaaaaaaaa000	1	(((b(ba030130e130	0
Thereactionmixtureis	1	19	0	0	Aaaaaaaaaaaaaaaaaaaa	1	TTThThesiseisreis	0
994999water	0	5	6	0	000000aaaaa	1	9999994rerterater	0
orderofthereagent:	0	17	0	1	aaaaaaaaaaaaaaaaa	1	ooorord:t:nt:ent:	0
.Water(20	1	4	2	1	Aaaaa00	1	...W.Wa020(20r(20	0
HydrationofNitrilesto	2	19	0	0	AaaaaaaaaaaAaaaaaaaaa	1	HHHyHydotostoesto	0
15mm),	0	2	2	1	00aa	1	111515m,),m),mm),	0
mmHg)toafford	1	11	0	1	aaAaaaaaaaaa	1	mmmmmmHdrdordford	0
mmol)(Note	1	7	0	1	aaaaAaaa	1	mmmmmmoeteoteNote	0
p-cyanobenzoate(5.0	0	14	2	1	aaaaaaaaaaaaaa00	1	ppp-p-c0.05.0(5.0	0
anoilbath	0	9	0	0	aaaaaaaaa	1	aaananohthathbath	0
,and	0	3	0	1	aaa	1	,,,a,andndand,and	0
thatisequippedwitha	0	19	0	0	aaaaaaaaaaaaaaaaaaa	1	ttththaahathaitha	0
CLASSV89P0066S1372	8	0	10	0	AAAAAA00A0000A0000	1	CCCLCLA2723721372	0
5.0g	0	1	2	1	00a	1	555.5.0g0g.0g5.0g	0
ml).Thesolid	1	9	0	1	aaAaaaaaaa	1	mmmlml)didlidolid	0
and5).The	1	5	1	1	aaa0Aaa	1	aaanandeheThe.The	0
5.0g,31	0	1	4	1	00a00	1	555.5.0131,31g,31	0
airfor1hand	0	10	1	0	aaaaaa0aaaa	1	aaaiairdndandhand	0
230252	0	0	6	0	000000	1	22232302522520252	0
11251149	0	0	8	0	00000000	1	11111129491491149	0
x15mm	0	3	2	0	a00aa	1	xxx1x15mmm5mm15mm	0
ofthereagent:methyl	0	18	0	1	aaaaaaaaaaaaaaaaaa	1	ooofoftlylhylthyl	0
°Cbathtemperature)	1	15	0	1	Aaaaaaaaaaaaaaaa	1	°°°C°Cb)e)re)ure)	0
20-30	0	0	4	1	0000	1	222020-030-300-30	0
CLASSV89P0066S13	8	0	8	0	AAAAAA00A0000A00	1	CCCLCLA313S136S13	0
),arefluxcondenser	0	16	0	1	aaaaaaaaaaaaaaaa	1	))),),arersernser	0
90~100°C	1	0	5	1	00000A	1	999090~C°C0°C00°C	0
1149	0	0	4	0	0000	1	11111149491491149	0
magneticstirring	0	16	0	0	aaaaaaaaaaaaaaaa	1	mmmamaggngingring	0
mixtureisheatedtoreflux	0	23	0	0	aaaaaaaaaaaaaaaaaaaaaaa	1	mmmimixxuxluxflux	0
awhitesolid.	0	11	0	1	aaaaaaaaaaa	1	aaawawh.d.id.lid.	0
6and	0	3	1	0	0aaa	1	666a6andndand6and	0
Büchnerfunnel.Thesolid	2	19	0	1	AaaaaaaaaaaaaAaaaaaaa	1	BBBüBücdidlidolid	0
reducedpressureonrotaryevaporator	0	33	0	0	aaaaaaaaaaaaaaaaaaaaaaaaaaaaaaaaa	1	rrreredrortorator	0
287tolueneCLASSV89P0066	7	7	9	0	000aaaaaaaAAAAAA00A0000	1	22282876660660066	0
p-Carbomethoxylbenzamide.	1	22	0	1	aAaaaaaaaaaaaaaaaaaaaaa	1	ppp-p-C.e.de.ide.	0
mixture	0	7	0	0	aaaaaaa	1	mmmimixereureture	0
20-30mmHg,bathtemperature	1	18	4	1	0000aaAaaaaaaaaaaaaaaaa	1	222020-ereureture	0
2),	0	0	1	1	0	0		0
mixtureis	0	9	0	0	aaaaaaaaa	1	mmmimixsiseisreis	0
11251149p-carbomethoxylbenzamideCLASS	5	23	8	1	00000000aaaaaaaaaaaaaaaaaaaaaaaAAAAA	1	1111112SSSASSLASS	0
bar	0	3	0	0	aaa	0		0
flaskthat	0	9	0	0	aaaaaaaaa	1	ffflflatathatthat	0
p-Carbomethoxylbenzamide.A	2	22	0	1	aAaaaaaaaaaaaaaaaaaaaaaA	1	ppp-p-CA.Ae.Ade.A	0
cooldown	0	8	0	0	aaaaaaaa	1	cccocoonwnowndown	0
isheated	0	8	0	0	aaaaaaaa	1	iiisishdedtedated	0
oilbath(90~100	0	7	5	1	aaaaaaa00000	1	oooioil000100~100	0
bath(90~100°Cbath	1	8	5	1	aaaa00000Aaaaa	1	bbbabaththathbath	0
,bathtemperature40-45	0	15	4	1	aaaaaaaaaaaaaaa0000	1	,,,b,ba545-450-45	0
10)	0	0	2	1	00	0		0
,0.16mmol,0.5	0	4	5	1	000aaaa00	1	,,,0,0.5.50.5,0.5	0
Water	1	4	0	0	Aaaaa	1	WWWaWatrerterater	1
3),andacetaldoxime	0	15	1	1	0aaaaaaaaaaaaaaa	1	333)3),emeimexime	0
ischargedwiththe	0	16	0	0	aaaaaaaaaaaaaaaa	1	iiisiscehethehthe	0
condenserandArgonbubbler	1	23	0	0	aaaaaaaaaaaaAaaaaaaaaaaa	1	cccoconrerlerbler	0
resultingmixtureisfiltered	0	26	0	0	aaaaaaaaaaaaaaaaaaaaaaaaaa	1	rrreresdedredered	0
toafford5.1g	0	9	2	1	aaaaaaaa00a	1	tttotoag1g.1g5.1g	0
toAmides:p-CarbomethoxybenzamideA.	3	28	0	1	aaAaaaaaaAaaaaaaaaaaaaaaaaaaaaA	1	tttotoA.A.eA.deA.	0
384	0	0	3	0	000	0		0
0.1mmHg	1	3	2	1	00aaAa	1	000.0.1gHgmHgmmHg	0
anoilbath(	0	9	0	1	aaaaaaaaa	1	aaanano(h(th(ath(	0
p-Carbomethoxylbenzamide.A100-mLsingle-necked	3	35	3	1	aAaaaaaaaaaaaaaaaaaaaaaA000aAaaaaaaaaaaaa	1	ppp-p-Cdedkedcked	0
)toafford5.1g	0	9	2	1	aaaaaaaa00a	1	)))t)tog1g.1g5.1g	0
condenser	0	9	0	0	aaaaaaaaa	1	cccoconrersernser	0
.Water(	1	4	0	1	Aaaaa	1	...W.Wa(r(er(ter(	0
airfor1h	0	7	1	0	aaaaaa0a	1	aaaiairh1hr1hor1h	0
bathtemperature130ºC	1	16	3	0	aaaaaaaaaaaaaaa000aA	1	bbbabatCºC0ºC30ºC	0
Büchnerfunnel.	1	12	0	1	Aaaaaaaaaaaaa	1	BBBüBüc.l.el.nel.	0
327p-CarbomethoxylbenzamideCLASS	6	22	3	1	000aAaaaaaaaaaaaaaaaaaaaaaAAAAA	1	3332327SSSASSLASS	0
Note8)	1	3	1	1	Aaaa0	1	NNNoNot)8)e8)te8)	0
,9.5mL,156	1	1	5	1	00aA000	1	,,,9,9.656156,156	0
S13	1	0	2	0	A00	0		0
.	0	0	0	1		0		0
arefluxcondenser	0	16	0	0	aaaaaaaaaaaaaaaa	1	aaararerersernser	0
isequippedwithamagnetic	0	23	0	0	aaaaaaaaaaaaaaaaaaaaaaa	1	iiisisecicticetic	0
NitrilesCLASSV89P0066	8	7	6	0	AaaaaaaaAAAAAA00A0000	1	NNNiNit6660660066	0
307327Wilkinson	1	8	6	0	000000Aaaaaaaaa	1	3330307nonsonnson	0
thefollowing	0	12	0	0	aaaaaaaaaaaa	1	ttththegngingwing	0
.Thesolidproduct	1	14	0	1	Aaaaaaaaaaaaaaa	1	...T.Thtctuctduct	0
chargedwiththefollowingorder	0	28	0	0	aaaaaaaaaaaaaaaaaaaaaaaaaaaa	1	ccchcharerderrder	0
0.16	0	0	3	1	000	1	000.0.1616.160.16	0
168	0	0	3	0	000	0		0
287tolueneCLASSV89P0066S1	8	7	10	0	000aaaaaaaAAAAAA00A0000A0	1	22282871S16S166S1	0
single-necked,round-bottomed	0	25	0	1	aaaaaaaaaaaaaaaaaaaaaaaaa	1	sssisindedmedomed	0
163	0	0	3	0	000	0		0
ºC)for4	1	4	1	1	aAaaa0	1	ºººCºC)4r4or4for4	0
Wilkinson'scatalyst(	1	17	0	1	Aaaaaaaaaaaaaaaaaa	1	WWWiWil(t(st(yst(	0
mL)(Note	2	4	0	1	aAAaaa	1	mmmLmL)eteoteNote	0
,toluene(	0	7	0	1	aaaaaaa	1	,,,t,to(e(ne(ene(	0
5.1g(	0	1	2	1	00a	1	555.5.1(g(1g(.1g(	0
air	0	3	0	0	aaa	0		0
Water(	1	4	0	1	Aaaaa	1	WWWaWat(r(er(ter(	0
),Wilkinson's	1	9	0	1	Aaaaaaaaaa	1	))),),Ws'sn'son's	0
for4hand	0	7	1	0	aaa0aaaa	1	fffofordndandhand	0
is	0	2	0	0	aa	0		0
'scatalyst(145mg	0	11	3	1	aaaaaaaaa000aa	1	'''s'scgmg5mg45mg	0
CLASSV89P0066S1163168	8	0	13	0	AAAAAA00A0000A0000000	1	CCCLCLA8681683168	0
723728WaterCLASSV89P0066	8	4	12	0	000000AaaaaAAAAAA00A0000	1	77727236660660066	0
single-necked,round-bottomedflaskthat	0	34	0	1	aaaaaaaaaaaaaaaaaaaaaaaaaaaaaaaaaa	1	sssisintathatthat	0
'scatalyst	0	9	0	1	aaaaaaaaa	1	'''s'sctstystlyst	0
rotaryevaporator(20-30mmHg	1	19	4	1	aaaaaaaaaaaaaaaa0000aaAa	1	rrrorotgHgmHgmmHg	0
filtered	0	8	0	0	aaaaaaaa	1	fffifildedredered	0
hand	0	4	0	0	aaaa	1	hhhahandndandhand	0
pressureonrotaryevaporator(	0	26	0	1	aaaaaaaaaaaaaaaaaaaaaaaaaa	1	ppprpre(r(or(tor(	0
A.p-Carbomethoxylbenzamide.	2	22	0	1	AaAaaaaaaaaaaaaaaaaaaaaa	1	AAA.A.p.e.de.ide.	0
ºC)for4h	1	5	1	1	aAaaa0a	1	ºººCºC)h4hr4hor4h	0
isallowedtocool	0	15	0	0	aaaaaaaaaaaaaaa	1	iiisisaloloolcool	0
handthenis	0	10	0	0	aaaaaaaaaa	1	hhhahansisnisenis	0
(92%	0	0	2	1	00	1	(((9(92%2%92%(92%	0
the	0	3	0	0	aaa	0		0
whitesolid.	0	10	0	1	aaaaaaaaaa	1	wwwhwhi.d.id.lid.	0
mm),	0	2	0	1	aa	1	mmmmmm),),m),mm),	0
0.5mol%)(	0	3	2	1	00aaa	1	000.0.5()(%)(l%)(	0
5x	0	1	1	0	0a	0		0
),and	0	3	0	1	aaa	1	))),),adndand,and	0
%)(Note	1	3	0	1	Aaaa	1	%%%)%)(eteoteNote	0
(40ml)	0	2	2	1	00aa	1	(((4(40)l)ml)0ml)	0
ºC)for	1	4	0	1	aAaaa	1	ºººCºC)rorfor)for	0
toAmides:p-Carbomethoxybenzamide	2	28	0	1	aaAaaaaaaAaaaaaaaaaaaaaaaaaaaa	1	tttotoAedeidemide	0
327	0	0	3	0	000	0		0
0.5mol%	0	3	2	1	00aaa	1	000.0.5%l%ol%mol%	0
p-cyanobenzoate	0	14	0	1	aaaaaaaaaaaaaa	1	ppp-p-ceteateoate	0
7).	0	0	1	1	0	0		0
°C	1	0	0	0	A	0		0
Note1),toluene	1	10	1	1	Aaaa0aaaaaaa	1	NNNoNoteneeneuene	0
,andacetaldoxime(	0	15	0	1	aaaaaaaaaaaaaaa	1	,,,a,an(e(me(ime(	0
999waterCLASS	5	5	3	0	000aaaaaAAAAA	1	9999999SSSASSLASS	0
A.p-Carbomethoxylbenzamide	2	22	0	1	AaAaaaaaaaaaaaaaaaaaaaaa	1	AAA.A.pedeidemide	0
(5.0g	0	1	2	1	00a	1	(((5(5.g0g.0g5.0g	0
mL)is	1	3	0	1	aAaa	1	mmmLmL)sis)isL)is	0
5)	0	0	1	1	0	0		0
4and5	0	3	2	0	0aaa0	1	444a4an5d5nd5and5	0
cooled	0	6	0	0	aaaaaa	1	cccocoodedledoled	0
728WaterCLASSV89P0066T0	9	4	10	0	000AaaaaAAAAAA00A0000A0	1	77727280T06T066T0	0
145mg,0.16mmol	0	6	6	1	000aa000aaaa	1	1114145lolmolmmol	0
9.2g	0	1	2	1	00a	1	999.9.2g2g.2g9.2g	0
concentrateand	0	14	0	0	aaaaaaaaaaaaaa	1	cccocondndandeand	0
:p-CarbomethoxybenzamideA.p-Carbomethoxylbenzamide.	3	43	0	1	aAaaaaaaaaaaaaaaaaaaaaAaAaaaaaaaaaaaaaaaaaaaaa	1	:::p:p-.e.de.ide.	0
p-carbomethoxylbenzamideCLASSV89P0066	7	23	6	1	aaaaaaaaaaaaaaaaaaaaaaaAAAAAA00A0000	1	ppp-p-c6660660066	0
4handthen	0	8	1	0	0aaaaaaaa	1	444h4hanenhenthen	0
for	0	3	0	0	aaa	0		0
amagneticstirringbar	0	20	0	0	aaaaaaaaaaaaaaaaaaaa	1	aaamamararbargbar	0
washedwith	0	10	0	0	aaaaaaaaaa	1	wwwawashthithwith	0
allowedtocooldownto	0	19	0	0	aaaaaaaaaaaaaaaaaaa	1	aaalallotontownto	0
x15mm),	0	3	2	1	a00aa	1	xxx1x15,),m),mm),	0
S1280	1	0	4	0	A0000	1	SSS1S120802801280	0
isconcentratedunder	0	19	0	0	aaaaaaaaaaaaaaaaaaa	1	iiisiscrerdernder	0
),toluene(9.5	0	7	2	1	aaaaaaa00	1	))),),t5.59.5(9.5	0
100-mLsingle-necked,round-bottomed	1	26	3	1	000aAaaaaaaaaaaaaaaaaaaaaaaaaa	1	1110100dedmedomed	0
round-bottomed	0	13	0	1	aaaaaaaaaaaaa	1	rrroroudedmedomed	0
.V89P0066S1307327	3	0	13	1	A00A0000A0000000	1	...V.V87273277327	0
3),	0	0	1	1	0	0		0
V89P0066S1280	3	0	10	0	A00A0000A0000	1	VVV8V890802801280	0
resultingmixtureis	0	18	0	0	aaaaaaaaaaaaaaaaaa	1	rrreressiseisreis	0
(bath	0	4	0	1	aaaa	1	(((b(bahthathbath	0
)isaddedto	0	9	0	1	aaaaaaaaa	1	)))i)isotodtoedto	0
bath	0	4	0	0	aaaa	1	bbbabaththathbath	0
down	0	4	0	0	aaaa	1	dddodownwnowndown	0
transferredtoa	0	14	0	0	aaaaaaaaaaaaaa	1	tttrtraaoatoadtoa	0
31NitrilesCLASS	6	7	2	0	00AaaaaaaaAAAAA	1	333131NSSSASSLASS	0
for1	0	3	1	0	aaa0	1	fffofor1r1or1for1	0
Notes4and	1	7	1	0	Aaaaa0aaa	1	NNNoNotdndand4and	0
for4	0	3	1	0	aaa0	1	fffofor4r4or4for4	0
,0.5	0	0	2	1	00	1	,,,0,0.5.50.5,0.5	0
(145mg	0	2	3	1	000aa	1	(((1(14gmg5mg45mg	0
CLASSV89P0066T043	8	0	9	0	AAAAAA00A0000A000	1	CCCLCLA343043T043	0
20mL)isadded	1	8	2	1	00aAaaaaaaa	1	222020mdeddeddded	0
andArgon	1	7	0	0	aaaAaaaa	1	aaanandnongonrgon	0
round,	0	5	0	1	aaaaa	1	rrrorou,d,nd,und,	0
372384acetaldoximeCLASSV89P0066	7	12	12	0	000000aaaaaaaaaaaaAAAAAA00A0000	1	33373726660660066	0
catalyst	0	8	0	0	aaaaaaaa	1	cccacattstystlyst	0
).Thesolid	1	7	0	1	Aaaaaaaa	1	))).).Tdidlidolid	0
(20-30mmHg	1	3	4	1	0000aaAa	1	(((2(20gHgmHgmmHg	0
catalyst(	0	8	0	1	aaaaaaaa	1	cccacat(t(st(yst(	0
S1994	1	0	4	0	A0000	1	SSS1S194949941994	0
156	0	0	3	0	000	0		0
round-bottomedflaskanddriedunder	0	31	0	1	aaaaaaaaaaaaaaaaaaaaaaaaaaaaaaa	1	rrrorourerdernder	0
(Notes4and5	1	7	2	1	Aaaaa0aaa0	1	(((N(No5d5nd5and5	0
mmol,5.0equiv)	0	9	2	1	aaaa00aaaaa	1	mmmmmmo)v)iv)uiv)	0
T03541	1	0	5	0	A00000	1	TTT0T031415413541	0
reactionmixture	0	15	0	0	aaaaaaaaaaaaaaa	1	rrrereaereureture	0
(40ml).	0	2	2	1	00aa	1	(((4(40.).l).ml).	0
41Amides	1	5	2	0	00Aaaaaa	1	444141Asesdesides	0
mmol,0.5mol	0	7	2	1	aaaa00aaa	1	mmmmmmololmol5mol	0
's	0	1	0	1	a	0		0
(Notes9and10	1	7	3	1	Aaaaa0aaa00	1	(((N(No010d10nd10	0
(9.5mL)	1	1	2	1	00aA	1	(((9(9.)L)mL)5mL)	0
372384acetaldoxime	0	12	6	0	000000aaaaaaaaaaaa	1	3337372emeimexime	0
thatisequipped	0	14	0	0	aaaaaaaaaaaaaa	1	ttththadedpedpped	0
isallowedtocooldown	0	19	0	0	aaaaaaaaaaaaaaaaaaa	1	iiisisanwnowndown	0
(90~100°Cbathtemperature	1	15	5	1	00000Aaaaaaaaaaaaaaaa	1	(((9(90ereureture	0
flask	0	5	0	0	aaaaa	1	ffflflakskasklask	0
230252methylp-cyanobenzoate	0	20	6	1	000000aaaaaaaaaaaaaaaaaaaa	1	2223230eteateoate	0
Water(20	1	4	2	1	Aaaaa00	1	WWWaWat020(20r(20	0
ºC).Water	2	5	0	1	aAAaaaa	1	ºººCºC)rerterater	0
methyl	0	6	0	0	aaaaaa	1	mmmemetlylhylthyl	0
Thesolidproductiswashed	1	22	0	0	Aaaaaaaaaaaaaaaaaaaaaaa	1	TTThThededhedshed	0
66p-Carbomethoxybenzamide	1	21	2	1	00aAaaaaaaaaaaaaaaaaaaaa	1	666666pedeidemide	0
mmHg)	1	3	0	1	aaAa	1	mmmmmmH)g)Hg)mHg)	0
,round-bottomedflask	0	18	0	1	aaaaaaaaaaaaaaaaaa	1	,,,r,rokskasklask	0
cool	0	4	0	0	aaaa	1	cccocoololoolcool	0
temperature(Note	1	14	0	1	aaaaaaaaaaaAaaa	1	tttetemeteoteNote	0
V89P0066S1327p-Carbomethoxylbenzamide	4	22	10	1	A00A0000A0000aAaaaaaaaaaaaaaaaaaaaaa	1	VVV8V89edeidemide	0
Note8).The	2	5	1	1	Aaaa0Aaa	1	NNNoNoteheThe.The	0
totheconcentrateand	0	19	0	0	aaaaaaaaaaaaaaaaaaa	1	tttototdndandeand	0
S1230252methylp-cyanobenzoate	1	20	7	1	A0000000aaaaaaaaaaaaaaaaaaaa	1	SSS1S12eteateoate	0
round	0	5	0	0	aaaaa	1	rrroroudndundound	0
bath(	0	4	0	1	aaaa	1	bbbabat(h(th(ath(	0
20-30mmHg	1	3	4	1	0000aaAa	1	222020-gHgmHgmmHg	0
(90~100	0	0	5	1	00000	1	(((9(90000100~100	0
1125	0	0	4	0	0000	1	11111125251251125	0
dried	0	5	0	0	aaaaa	1	dddrdridediedried	0
aawhite	0	7	0	0	aaaaaaa	1	aaaaaaweteitehite	0
100-mL	1	1	3	1	000aA	1	1110100LmL-mL0-mL	0
31NitrilesCLASSV89P0066S1	9	7	9	0	00AaaaaaaaAAAAAA00A0000A0	1	333131N1S16S166S1	0
reactionmixtureis	0	17	0	0	aaaaaaaaaaaaaaaaa	1	rrrereasiseisreis	0
287toluene	0	7	3	0	000aaaaaaa	1	2228287eneeneuene	0
reagent:	0	7	0	1	aaaaaaa	1	rrrerea:t:nt:ent:	0
downto	0	6	0	0	aaaaaa	1	dddodowotontownto	0
heatedto	0	8	0	0	aaaaaaaa	1	hhheheaotodtoedto	0
WaterCLASSV89P0066T0	9	4	7	0	AaaaaAAAAAA00A0000A0	1	WWWaWat0T06T066T0	0
)ofp-carbomethoxylbenzamide(	0	25	0	1	aaaaaaaaaaaaaaaaaaaaaaaaa	1	)))o)of(e(de(ide(	0
mixtureisheated	0	15	0	0	aaaaaaaaaaaaaaa	1	mmmimixdedtedated	0
mmHg,bathtemperature	1	18	0	1	aaAaaaaaaaaaaaaaaaa	1	mmmmmmHereureture	0
water	0	5	0	0	aaaaa	1	wwwawatrerterater	1
20mL	1	1	2	0	00aA	1	222020mLmL0mL20mL	0
)aawhite	0	7	0	1	aaaaaaa	1	)))a)aaeteitehite	0
magneticstirringbar	0	19	0	0	aaaaaaaaaaaaaaaaaaa	1	mmmamagrarbargbar	0
driedundervacuum(	0	16	0	1	aaaaaaaaaaaaaaaa	1	dddrdri(m(um(uum(	0
reducedpressure	0	15	0	0	aaaaaaaaaaaaaaa	1	rrreredereuresure	0
5.0g,31mmol	0	5	4	1	00a00aaaa	1	555.5.0lolmolmmol	0
catalyst(145	0	8	3	1	aaaaaaaa000	1	cccacat545145(145	0
).Thereactionmixture	1	17	0	1	Aaaaaaaaaaaaaaaaaa	1	))).).Tereureture	0
5x15mm)	0	3	3	1	0a00aa	1	555x5x1)m)mm)5mm)	0
307327Wilkinson'scatalyst	1	17	6	1	000000Aaaaaaaaaaaaaaaaaa	1	3330307tstystlyst	0
31Nitriles	1	7	2	0	00Aaaaaaaa	1	333131Nseslesiles	0
whitesolid.V89P0066	2	10	6	1	aaaaaaaaaaA00A0000	1	wwwhwhi6660660066	0
toluene(	0	7	0	1	aaaaaaa	1	tttotol(e(ne(ene(	0
(Note8)	1	3	1	1	Aaaa0	1	(((N(No)8)e8)te8)	0
9.5mL,156mmol	1	5	5	1	00aA000aaaa	1	999.9.5lolmolmmol	0
)underair	0	8	0	1	aaaaaaaa	1	)))u)unrirairrair	0
S1280287	1	0	7	0	A0000000	1	SSS1S127872870287	0
flaskand	0	8	0	0	aaaaaaaa	1	ffflfladndandkand	0
100-mLsingle-necked	1	13	3	1	000aAaaaaaaaaaaaa	1	1110100dedkedcked	0
168Argon	1	4	3	0	000Aaaaa	1	1116168nongonrgon	0
mmol,0.5mol%	0	7	2	1	aaaa00aaa	1	mmmmmmo%l%ol%mol%	0
(9.2g,	0	1	2	1	00a	1	(((9(9.,g,2g,.2g,	0
V89P0066S1994999water	3	5	13	0	A00A0000A0000000aaaaa	1	VVV8V89rerterater	0
filteredthrough	0	15	0	0	aaaaaaaaaaaaaaa	1	fffifilhghughough	0
.Thereactionmixture	1	17	0	1	Aaaaaaaaaaaaaaaaaa	1	...T.Thereureture	0
40-45	0	0	4	1	0000	1	444040-545-450-45	0
CLASSV89P0066	7	0	6	0	AAAAAA00A0000	1	CCCLCLA6660660066	0
awhitesolid.V89P0066	2	11	6	1	aaaaaaaaaaaA00A0000	1	aaawawh6660660066	0
reflux	0	6	0	0	aaaaaa	1	rrrerefxuxluxflux	0
evaporator(20-30	0	10	4	1	aaaaaaaaaa0000	1	eeeveva030-300-30	0
and5	0	3	1	0	aaa0	1	aaanand5d5nd5and5	0
and7	0	3	1	0	aaa0	1	aaanand7d7nd7and7	0
(0.1mmHg)to	1	5	2	1	00aaAaaa	1	(((0(0.oto)tog)to	0
andthen	0	7	0	0	aaaaaaa	1	aaanandnenhenthen	0
ArgonCLASSV89P0066	8	4	6	0	AaaaaAAAAAA00A0000	1	AAArArg6660660066	0
20mL)is	1	3	2	1	00aAaa	1	222020msis)isL)is	0
4366p-CarbomethoxybenzamideCLASSV89P0066	8	21	10	1	0000aAaaaaaaaaaaaaaaaaaaaaAAAAAA00A0000	1	44434366660660066	0
allowed	0	7	0	0	aaaaaaa	1	aaalalldedwedowed	0
230	0	0	3	0	000	0		0
40-45ºC)	1	1	4	1	0000aA	1	444040-)C)ºC)5ºC)	0
7).Thereaction	1	10	1	1	0Aaaaaaaaaaa	1	777)7).noniontion	0
728WaterCLASSV89P0066	8	4	9	0	000AaaaaAAAAAA00A0000	1	77727286660660066	0
round,5x15	0	6	3	1	aaaaa0a00	1	rrrorou515x155x15	0
1	0	0	1	0	0	0		1
,5	0	0	1	1	0	0		0
CLASSV89P0066S1994999	8	0	13	0	AAAAAA00A0000A0000000	1	CCCLCLA9999994999	0
p-Carbomethoxybenzamide	1	21	0	1	aAaaaaaaaaaaaaaaaaaaaa	1	ppp-p-Cedeidemide	1
product	0	7	0	0	aaaaaaa	1	ppprprotctuctduct	0
145	0	0	3	0	000	0		0
aawhitesolid.	0	12	0	1	aaaaaaaaaaaa	1	aaaaaaw.d.id.lid.	0
p-carbomethoxylbenzamide(Notes	1	27	0	1	aaaaaaaaaaaaaaaaaaaaaaaAaaaa	1	ppp-p-csestesotes	0
0.16mmol	0	4	3	1	000aaaa	1	000.0.1lolmolmmol	0
(Note	1	3	0	1	Aaaa	1	(((N(NoeteoteNote	0
168ArgonCLASSV89P0066	8	4	9	0	000AaaaaAAAAAA00A0000	1	11161686660660066	0
5.0equiv	0	5	2	1	00aaaaa	1	555.5.0vivuivquiv	0
168ArgonCLASSV89P0066S1	9	4	10	0	000AaaaaAAAAAA00A0000A0	1	11161681S16S166S1	0
Thereactionmixtureisconcentrated	1	31	0	0	Aaaaaaaaaaaaaaaaaaaaaaaaaaaaaaaa	1	TTThThededtedated	0
g,9.5mL	1	2	2	1	a00aA	1	ggg,g,9LmL5mL.5mL	0
,a	0	1	0	1	a	0		0
g(92	0	1	2	1	a00	1	ggg(g(9292(92g(92	0
ºC	1	1	0	0	aA	0		0
V89P0066S1230252methyl	3	6	13	0	A00A0000A0000000aaaaaa	1	VVV8V89lylhylthyl	0
)ofp-carbomethoxylbenzamide(Notes	1	29	0	1	aaaaaaaaaaaaaaaaaaaaaaaaaAaaaa	1	)))o)ofsestesotes	0
vacuum(0.1mmHg)	1	9	2	1	aaaaaa00aaAa	1	vvvavac)g)Hg)mHg)	0
V89P0066S1307327Wilkinson	4	8	13	0	A00A0000A0000000Aaaaaaaaa	1	VVV8V89nonsonnson	0
T02331Nitriles	2	7	5	0	A00000Aaaaaaaa	1	TTT0T02seslesiles	0
.Water	1	4	0	1	Aaaaa	1	...W.Warerterater	0
S1723	1	0	4	0	A0000	1	SSS1S173237231723	0
equiv	0	5	0	0	aaaaa	1	eeeqequvivuivquiv	0
Nitriles	1	7	0	0	Aaaaaaaa	1	NNNiNitseslesiles	1
Water(20mL)	2	5	2	1	Aaaaa00aA	1	WWWaWat)L)mL)0mL)	0
reactionmixtureisconcentrated	0	29	0	0	aaaaaaaaaaaaaaaaaaaaaaaaaaaaa	1	rrrereadedtedated	0
50-mL	1	1	2	1	00aA	1	555050-LmL-mL0-mL	0
for1handcooled	0	13	1	0	aaa0aaaaaaaaaa	1	fffofordedledoled	0
9.5mL,156	1	1	5	1	00aA000	1	999.9.5656156,156	0
g,31mmol	0	5	2	1	a00aaaa	1	ggg,g,3lolmolmmol	0
orderof	0	7	0	0	aaaaaaa	1	ooorordfofroferof	0
163168	0	0	6	0	000000	1	11161638681683168	0
(9.5mL	1	1	2	1	00aA	1	(((9(9.LmL5mL.5mL	0
waterCLASSV89P0066T0	8	5	7	0	aaaaaAAAAAA00A0000A0	1	wwwawat0T06T066T0	0
p-CarbomethoxybenzamideCLASSV89P0066	8	21	6	1	aAaaaaaaaaaaaaaaaaaaaaAAAAAA00A0000	1	ppp-p-C6660660066	0
handcooled	0	10	0	0	aaaaaaaaaa	1	hhhahandedledoled	0
p-cyanobenzoate(5.0g	0	15	2	1	aaaaaaaaaaaaaa00a	1	ppp-p-cg0g.0g5.0g	0
and10	0	3	2	0	aaa00	1	aaanand010d10nd10	0
p-CarbomethoxybenzamideA.p-Carbomethoxylbenzamide	3	43	0	1	aAaaaaaaaaaaaaaaaaaaaaAaAaaaaaaaaaaaaaaaaaaaaa	1	ppp-p-Cedeidemide	0
Theresultingmixture	1	18	0	0	Aaaaaaaaaaaaaaaaaaa	1	TTThTheereureture	0
130ºC)for4	1	4	4	1	000aAaaa0	1	11131304r4or4for4	0
372384acetaldoximeCLASS	5	12	6	0	000000aaaaaaaaaaaaAAAAA	1	3337372SSSASSLASS	0
x15	0	1	2	0	a00	0		0
chargedwiththefollowing	0	23	0	0	aaaaaaaaaaaaaaaaaaaaaaa	1	ccchchagngingwing	0
funnel.Thesolid	1	13	0	1	aaaaaaAaaaaaaa	1	fffufundidlidolid	0
orderofthereagent	0	17	0	0	aaaaaaaaaaaaaaaaa	1	ooorordtntentgent	0
:methyl	0	6	0	1	aaaaaa	1	:::m:melylhylthyl	0
withwater(	0	9	0	1	aaaaaaaaa	1	wwwiwit(r(er(ter(	0
:methylp-cyanobenzoate	0	20	0	1	aaaaaaaaaaaaaaaaaaaa	1	:::m:meeteateoate	0
andacetaldoxime(9.2g	0	16	2	1	aaaaaaaaaaaaaaa00a	1	aaanandg2g.2g9.2g	0
afford5.1	0	6	2	1	aaaaaa00	1	aaafaff1.15.1d5.1	0
stirringbar(round	0	16	0	1	aaaaaaaaaaaaaaaa	1	ssststidndundound	0
40ml).	0	2	2	1	00aa	1	444040m.).l).ml).	0
mmol)(	0	4	0	1	aaaa	1	mmmmmmo()(l)(ol)(	0
mmHg)to	1	5	0	1	aaAaaa	1	mmmmmmHoto)tog)to	0
100-mLsingle-necked,round-bottomedflask	1	31	3	1	000aAaaaaaaaaaaaaaaaaaaaaaaaaaaaaaa	1	1110100kskasklask	0
reactionmixtureisconcentratedunder	0	34	0	0	aaaaaaaaaaaaaaaaaaaaaaaaaaaaaaaaaa	1	rrrerearerdernder	0
T043	1	0	3	0	A000	1	TTT0T04343043T043	0
downtoroomtemperature(	0	21	0	1	aaaaaaaaaaaaaaaaaaaaa	1	dddodow(e(re(ure(	0
condenserandArgonbubbleris	1	25	0	0	aaaaaaaaaaaaAaaaaaaaaaaaaa	1	cccoconsisriseris	0
Thesolidproductis	1	16	0	0	Aaaaaaaaaaaaaaaaa	1	TTThThesistisctis	0
)isadded	0	7	0	1	aaaaaaa	1	)))i)isdeddeddded	0
)aa	0	2	0	1	aa	0		0
tolueneCLASSV89P0066	7	7	6	0	aaaaaaaAAAAAA00A0000	1	tttotol6660660066	0
roomtemperature(Notes6	1	19	1	1	aaaaaaaaaaaaaaaAaaaa0	1	rrroroo6s6es6tes6	0
cooldowntoroomtemperature	0	25	0	0	aaaaaaaaaaaaaaaaaaaaaaaaa	1	cccocooereureture	0
heatedtorefluxwith	0	18	0	0	aaaaaaaaaaaaaaaaaa	1	hhheheahthithwith	0
p-CarbomethoxylbenzamideCLASSV89P0066S1	9	22	7	1	aAaaaaaaaaaaaaaaaaaaaaaAAAAAA00A0000A0	1	ppp-p-C1S16S166S1	0
287tolueneCLASS	5	7	3	0	000aaaaaaaAAAAA	1	2228287SSSASSLASS	0
concentratedunderreducedpressure	0	32	0	0	aaaaaaaaaaaaaaaaaaaaaaaaaaaaaaaa	1	cccoconereuresure	0
solid.V89P0066S1307	3	5	10	1	aaaaaA00A0000A0000	1	sssosol7073071307	0
,5x	0	1	1	1	0a	0		0
999waterCLASSV89P0066	7	5	9	0	000aaaaaAAAAAA00A0000	1	99999996660660066	0
Amides	1	5	0	0	Aaaaaa	1	AAAmAmisesdesides	1
.V89P0066	2	0	6	1	A00A0000	1	...V.V86660660066	0
1h	0	1	1	0	0a	0		0
(9.5mL)(	1	1	2	1	00aA	1	(((9(9.()(L)(mL)(	0
),andacetaldoxime	0	15	0	1	aaaaaaaaaaaaaaa	1	))),),aemeimexime	0
mL)	1	1	0	1	aA	0		0
that	0	4	0	0	aaaa	1	ttththatathatthat	0
temperature)under	0	16	0	1	aaaaaaaaaaaaaaaa	1	tttetemrerdernder	0
10	0	0	2	0	00	0		0
15	0	0	2	0	00	0		0
toroomtemperature(Notes	1	21	0	1	aaaaaaaaaaaaaaaaaAaaaa	1	tttotorsestesotes	0
transferred	0	11	0	0	aaaaaaaaaaa	1	tttrtradedredrred	0
5x15	0	1	3	0	0a00	1	555x5x1515x155x15	0
1)	0	0	1	1	0	0		0
and5).	0	3	1	1	aaa0	1	aaanand.).5).d5).	0
and	0	3	0	0	aaa	0		0
,156	0	0	3	1	000	1	,,,1,15656156,156	0
8).	0	0	1	1	0	0		0
V89P0066T035	3	0	9	0	A00A0000A000	1	VVV8V89535035T035	0
underair	0	8	0	0	aaaaaaaa	1	uuunundrirairrair	0
(round,5x	0	6	1	1	aaaaa0a	1	(((r(rox5x,5xd,5x	0
filteredthrougha	0	16	0	0	aaaaaaaaaaaaaaaa	1	fffifilahaghaugha	0
isheatedwithan	0	14	0	0	aaaaaaaaaaaaaa	1	iiisishnanhanthan	0
)underairfor	0	11	0	1	aaaaaaaaaaa	1	)))u)unrorforrfor	0
mixtureisheatedwith	0	19	0	0	aaaaaaaaaaaaaaaaaaa	1	mmmimixhthithwith	0
A100-mLsingle-necked	2	13	3	1	A000aAaaaaaaaaaaaa	1	AAA1A10dedkedcked	0
andacetaldoxime	0	15	0	0	aaaaaaaaaaaaaaa	1	aaanandemeimexime	0
AmidesCLASSV89P0066	8	5	6	0	AaaaaaAAAAAA00A0000	1	AAAmAmi6660660066	0
NitrilestoAmides:p-Carbomethoxybenzamide	3	35	0	1	AaaaaaaaaaAaaaaaaAaaaaaaaaaaaaaaaaaaaa	1	NNNiNitedeidemide	0
.Thereaction	1	10	0	1	Aaaaaaaaaaa	1	...T.Thnoniontion	0
room	0	4	0	0	aaaa	1	rrroroomomoomroom	0
384acetaldoxime	0	12	3	0	000aaaaaaaaaaaa	1	3338384emeimexime	0
,5x15mm	0	3	3	1	0a00aa	1	,,,5,5xmmm5mm15mm	0
theconcentrate	0	14	0	0	aaaaaaaaaaaaaa	1	ttththeeteaterate	0
5.0equiv)(	0	5	2	1	00aaaaa	1	555.5.0()(v)(iv)(	0
,Wilkinson's	1	9	0	1	Aaaaaaaaaa	1	,,,W,Wis'sn'son's	0
p-cyanobenzoate(5.0g,	0	15	2	1	aaaaaaaaaaaaaa00a	1	ppp-p-c,g,0g,.0g,	0
p-carbomethoxylbenzamideCLASSV89P0066S1	8	23	7	1	aaaaaaaaaaaaaaaaaaaaaaaAAAAAA00A0000A0	1	ppp-p-c1S16S166S1	0
toluene(9.5mL	1	8	2	1	aaaaaaa00aA	1	tttotolLmL5mL.5mL	0
mL)isadded	1	8	0	1	aAaaaaaaa	1	mmmLmL)deddeddded	0
V89P0066S1372384acetaldoxime	3	12	13	0	A00A0000A0000000aaaaaaaaaaaa	1	VVV8V89emeimexime	0
S1327p-CarbomethoxylbenzamideCLASS	7	22	4	1	A0000aAaaaaaaaaaaaaaaaaaaaaaAAAAA	1	SSS1S13SSSASSLASS	0
equipped	0	8	0	0	aaaaaaaa	1	eeeqequdedpedpped	0
p-CarbomethoxybenzamideA.	2	21	0	1	aAaaaaaaaaaaaaaaaaaaaaA	1	ppp-p-C.A.eA.deA.	0
p-CarbomethoxylbenzamideCLASSV89P0066	8	22	6	1	aAaaaaaaaaaaaaaaaaaaaaaAAAAAA00A0000	1	ppp-p-C6660660066	0
S1163168	1	0	7	0	A0000000	1	SSS1S118681683168	0
NitrilesCLASSV89P0066S1	9	7	7	0	AaaaaaaaAAAAAA00A0000A0	1	NNNiNit1S16S166S1	0
92%	0	0	2	1	00	0		0
whitesolid	0	10	0	0	aaaaaaaaaa	1	wwwhwhididlidolid	0
ofp-carbomethoxylbenzamide	0	25	0	1	aaaaaaaaaaaaaaaaaaaaaaaaa	1	ooofofpedeidemide	0
theconcentrateandthe	0	20	0	0	aaaaaaaaaaaaaaaaaaaa	1	ttththeehethedthe	0
,Wilkinson	1	8	0	1	Aaaaaaaaa	1	,,,W,Winonsonnson	0
0.16mmol,0.5	0	4	5	1	000aaaa00	1	000.0.15.50.5,0.5	0
mL,	1	1	0	1	aA	0		0
isequippedwith	0	14	0	0	aaaaaaaaaaaaaa	1	iiisisehthithwith	0
(Note2	1	3	1	1	Aaaa0	1	(((N(No2e2te2ote2	0
(Note3	1	3	1	1	Aaaa0	1	(((N(No3e3te3ote3	0
(Note1	1	3	1	1	Aaaa0	1	(((N(No1e1te1ote1	0
145mg	0	2	3	0	000aa	1	1114145gmg5mg45mg	0
(Note8	1	3	1	1	Aaaa0	1	(((N(No8e8te8ote8	0
2331NitrilesCLASS	6	7	4	0	0000AaaaaaaaAAAAA	1	2223233SSSASSLASS	0
0.16mmol,	0	4	3	1	000aaaa	1	000.0.1,l,ol,mol,	0
3	0	0	1	0	0	0		1
(20-30mmHg,bath	1	7	4	1	0000aaAaaaaa	1	(((2(20hthathbath	0
.Water(20mL	2	5	2	1	Aaaaa00aA	1	...W.WaLmL0mL20mL	0
Theresultingmixtureisfiltered	1	28	0	0	Aaaaaaaaaaaaaaaaaaaaaaaaaaaaa	1	TTThThededredered	0
thenis	0	6	0	0	aaaaaa	1	ttththesisnisenis	0
oilbath	0	7	0	0	aaaaaaa	1	oooioilhthathbath	0
andcooleddown	0	13	0	0	aaaaaaaaaaaaa	1	aaanandnwnowndown	0
8).The	1	2	1	1	0Aaa	1	888)8).eheThe.The	0
concentrate	0	11	0	0	aaaaaaaaaaa	1	cccoconeteaterate	0
g,9.5	0	1	2	1	a00	1	ggg,g,95.59.5,9.5	0
5).	0	0	1	1	0	0		0
concentrated	0	12	0	0	aaaaaaaaaaaa	1	cccocondedtedated	0
(Notes	1	4	0	1	Aaaaa	1	(((N(Nosestesotes	0
1handcooled	0	10	1	0	0aaaaaaaaaa	1	111h1hadedledoled	0
92%)of	0	2	2	1	00aa	1	999292%fof)of%)of	0
(round	0	5	0	1	aaaaa	1	(((r(rodndundound	0
.V89P0066S1	3	0	7	1	A00A0000A0	1	...V.V81S16S166S1	0
bath(bathtemperature	0	19	0	1	aaaaaaaaaaaaaaaaaaa	1	bbbabatereureture	0
).Water	1	4	0	1	Aaaaa	1	))).).Wrerterater	0
,toluene(9.5mL	1	8	2	1	aaaaaaa00aA	1	,,,t,toLmL5mL.5mL	0
)(Note1)	1	3	1	1	Aaaa0	1	)))()(N)1)e1)te1)	0
,0.16	0	0	3	1	000	1	,,,0,0.616.160.16	0
withwater(40	0	9	2	1	aaaaaaaaa00	1	wwwiwit040(40r(40	0
roomtemperature(Notes	1	19	0	1	aaaaaaaaaaaaaaaAaaaa	1	rrroroosestesotes	0
Note	1	3	0	0	Aaaa	1	NNNoNoteteoteNote	0
66	0	0	2	0	00	0		0
CLASSV89P0066S1230	8	0	10	0	AAAAAA00A0000A0000	1	CCCLCLA0302301230	0
waterCLASS	5	5	0	0	aaaaaAAAAA	1	wwwawatSSSASSLASS	0
40ml)	0	2	2	1	00aa	1	444040m)l)ml)0ml)	0
15mm	0	2	2	0	00aa	1	111515mmmm5mm15mm	0
concentratedunder	0	17	0	0	aaaaaaaaaaaaaaaaa	1	cccoconrerdernder	0
roomtemperature(Note8	1	18	1	1	aaaaaaaaaaaaaaaAaaa0	1	rrroroo8e8te8ote8	0
V89P0066S1723	3	0	10	0	A00A0000A0000	1	VVV8V893237231723	0
reaction	0	8	0	0	aaaaaaaa	1	rrrereanoniontion	0
throughaBüchnerfunnel.	1	20	0	1	aaaaaaaaAaaaaaaaaaaaa	1	ttththr.l.el.nel.	0
(Notes9and	1	7	1	1	Aaaaa0aaa	1	(((N(Nodndand9and	0
40-45ºC).Water	2	5	4	1	0000aAAaaaa	1	444040-rerterater	0
%)of	0	2	0	1	aa	1	%%%)%)ofof)of%)of	0
mm),areflux	0	9	0	1	aaaaaaaaa	1	mmmmmm)xuxluxflux	0
for4handthen	0	11	1	0	aaa0aaaaaaaa	1	fffofornenhenthen	0
31mmol	0	4	2	0	00aaaa	1	333131mlolmolmmol	0
aBüchnerfunnel	1	13	0	0	aAaaaaaaaaaaaa	1	aaaBaBülelnelnnel	0
cooleddown	0	10	0	0	aaaaaaaaaa	1	cccocoonwnowndown	0
undervacuum(0.1mmHg	1	14	2	1	aaaaaaaaaaa00aaAa	1	uuunundgHgmHgmmHg	0
temperature130	0	11	3	0	aaaaaaaaaaa000	1	tttetem030130e130	0
ArgonCLASS	6	4	0	0	AaaaaAAAAA	1	AAArArgSSSASSLASS	0
S1327p-Carbomethoxylbenzamide	2	22	4	1	A0000aAaaaaaaaaaaaaaaaaaaaaa	1	SSS1S13edeidemide	0
NitrilesCLASSV89P0066S11125	9	7	11	0	AaaaaaaaAAAAAA00A0000A00000	1	NNNiNit5251251125	0
temperature130ºC)	1	12	3	1	aaaaaaaaaaa000aA	1	tttetem)C)ºC)0ºC)	0
S1994999	1	0	7	0	A0000000	1	SSS1S199999994999	0
20-30mmHg,	1	3	4	1	0000aaAa	1	222020-,g,Hg,mHg,	0
washedwithwater(	0	15	0	1	aaaaaaaaaaaaaaa	1	wwwawas(r(er(ter(	0
underairfor	0	11	0	0	aaaaaaaaaaa	1	uuunundrorforrfor	0
concentratedunderreducedpressureon	0	34	0	0	aaaaaaaaaaaaaaaaaaaaaaaaaaaaaaaaaa	1	cccoconnoneonreon	0
°Cbath	1	4	0	0	Aaaaa	1	°°°C°Cbhthathbath	0
oil	0	3	0	0	aaa	0		0
p-CarbomethoxylbenzamideCLASSV89P0066S1994	9	22	10	1	aAaaaaaaaaaaaaaaaaaaaaaAAAAAA00A0000A0000	1	ppp-p-C4949941994	0
145mg,	0	2	3	1	000aa	1	1114145,g,mg,5mg,	0
underairfor1	0	11	1	0	aaaaaaaaaaa0	1	uuunund1r1or1for1	0
temperature(Notes6	1	15	1	1	aaaaaaaaaaaAaaaa0	1	tttetem6s6es6tes6	0
V89P0066T023	3	0	9	0	A00A0000A000	1	VVV8V89323023T023	0
mixtureisconcentrated	0	21	0	0	aaaaaaaaaaaaaaaaaaaaa	1	mmmimixdedtedated	0
27p-CarbomethoxylbenzamideCLASS	6	22	2	1	00aAaaaaaaaaaaaaaaaaaaaaaAAAAA	1	222727pSSSASSLASS	0
methylp-cyanobenzoate(	0	20	0	1	aaaaaaaaaaaaaaaaaaaa	1	mmmemet(e(te(ate(	0
mixtureisfiltered	0	17	0	0	aaaaaaaaaaaaaaaaa	1	mmmimixdedredered	0
Thereactionmixture	1	17	0	0	Aaaaaaaaaaaaaaaaaa	1	TTThTheereureture	0
thenisallowedto	0	15	0	0	aaaaaaaaaaaaaaa	1	ttththeotodtoedto	0
p-CarbomethoxybenzamideCLASSV89P0066S1	9	21	7	1	aAaaaaaaaaaaaaaaaaaaaaAAAAAA00A0000A0	1	ppp-p-C1S16S166S1	0
),Wilkinson	1	8	0	1	Aaaaaaaaa	1	))),),Wnonsonnson	0
(90~100°C	1	0	5	1	00000A	1	(((9(90C°C0°C00°C	0
charged	0	7	0	0	aaaaaaa	1	ccchchadedgedrged	0
themixtureisheatedwith	0	22	0	0	aaaaaaaaaaaaaaaaaaaaaa	1	ttththehthithwith	0
methylp-cyanobenzoate	0	20	0	1	aaaaaaaaaaaaaaaaaaaa	1	mmmemeteteateoate	1
mixtureisfilteredthrough	0	24	0	0	aaaaaaaaaaaaaaaaaaaaaaaa	1	mmmimixhghughough	0
327Wilkinson	1	8	3	0	000Aaaaaaaaa	1	3332327nonsonnson	0
Thesolidproduct	1	14	0	0	Aaaaaaaaaaaaaaa	1	TTThThetctuctduct	0
,andacetaldoxime	0	15	0	1	aaaaaaaaaaaaaaa	1	,,,a,anemeimexime	0
'scatalystCLASSV89P0066	7	9	6	1	aaaaaaaaaAAAAAA00A0000	1	'''s'sc6660660066	0
4	0	0	1	0	0	0		1
.The	1	2	0	1	Aaa	1	...T.TheheThe.The	0
oilbath(bathtemperature	0	22	0	1	aaaaaaaaaaaaaaaaaaaaaa	1	oooioilereureture	0
WaterCLASS	6	4	0	0	AaaaaAAAAA	1	WWWaWatSSSASSLASS	0
(Notes6	1	4	1	1	Aaaaa0	1	(((N(No6s6es6tes6	0
underreducedpressure	0	20	0	0	aaaaaaaaaaaaaaaaaaaa	1	uuunundereuresure	0
(Notes4	1	4	1	1	Aaaaa0	1	(((N(No4s4es4tes4	0
(Notes9	1	4	1	1	Aaaaa0	1	(((N(No9s9es9tes9	0
1handcooleddown	0	14	1	0	0aaaaaaaaaaaaaa	1	111h1hanwnowndown	0
V89P0066S1723728	3	0	13	0	A00A0000A0000000	1	VVV8V898287283728	0
CLASSV89P0066S1994	8	0	10	0	AAAAAA00A0000A0000	1	CCCLCLA4949941994	0
thatisequippedwith	0	18	0	0	aaaaaaaaaaaaaaaaaa	1	ttththahthithwith	0
mol	0	3	0	0	aaa	0		0
)underairfor1	0	11	1	1	aaaaaaaaaaa0	1	)))u)un1r1or1for1	0
WaterCLASSV89P0066T043	9	4	9	0	AaaaaAAAAAA00A0000A000	1	WWWaWat343043T043	0
,0.5mol%)	0	3	2	1	00aaa	1	,,,0,0.)%)l%)ol%)	0
V89P0066S1230	3	0	10	0	A00A0000A0000	1	VVV8V890302301230	0
40-45ºC).	1	1	4	1	0000aA	1	444040-.).C).ºC).	0
mmol,0.5	0	4	2	1	aaaa00	1	mmmmmmo5.50.5,0.5	0
V89P0066S1230252	3	0	13	0	A00A0000A0000000	1	VVV8V892522520252	0
Note2),Wilkinson	2	11	1	1	Aaaa0Aaaaaaaaa	1	NNNoNotnonsonnson	0
384acetaldoximeCLASSV89P0066	7	12	9	0	000aaaaaaaaaaaaAAAAAA00A0000	1	33383846660660066	0
5x15mm	0	3	3	0	0a00aa	1	555x5x1mmm5mm15mm	0
reduced	0	7	0	0	aaaaaaa	1	rrrereddedceduced	0
onrotaryevaporator	0	18	0	0	aaaaaaaaaaaaaaaaaa	1	ooononrrortorator	0
T03541Amides	2	5	5	0	A00000Aaaaaa	1	TTT0T03sesdesides	0
V89P0066T02331Nitriles	4	7	11	0	A00A0000A00000Aaaaaaaa	1	VVV8V89seslesiles	0
Notes9	1	4	1	0	Aaaaa0	1	NNNoNot9s9es9tes9	0
roomtemperature(Note	1	18	0	1	aaaaaaaaaaaaaaaAaaa	1	rrrorooeteoteNote	0
Notes6	1	4	1	0	Aaaaa0	1	NNNoNot6s6es6tes6	0
Notes4	1	4	1	0	Aaaaa0	1	NNNoNot4s4es4tes4	0
isheatedto	0	10	0	0	aaaaaaaaaa	1	iiisishotodtoedto	0
V89P0066T02331	3	0	11	0	A00A0000A00000	1	VVV8V891313312331	0
S11125	1	0	5	0	A00000	1	SSS1S115251251125	0
isheatedtoreflux	0	16	0	0	aaaaaaaaaaaaaaaa	1	iiisishxuxluxflux	0
heatedwithan	0	12	0	0	aaaaaaaaaaaa	1	hhheheananhanthan	0
aawhitesolid	0	12	0	0	aaaaaaaaaaaa	1	aaaaaawdidlidolid	0
,toluene	0	7	0	1	aaaaaaa	1	,,,t,toeneeneuene	0
4366p-CarbomethoxybenzamideCLASS	6	21	4	1	0000aAaaaaaaaaaaaaaaaaaaaaAAAAA	1	4443436SSSASSLASS	0
equippedwith	0	12	0	0	aaaaaaaaaaaa	1	eeeqequhthithwith	0
mmol	0	4	0	0	aaaa	1	mmmmmmololmolmmol	0
on	0	2	0	0	aa	0		0
Notes6and7)	1	7	2	1	Aaaaa0aaa0	1	NNNoNot)7)d7)nd7)	0
of	0	2	0	0	aa	0		0
andArgonbubbleris	1	16	0	0	aaaAaaaaaaaaaaaaa	1	aaanandsisriseris	0
ischargedwiththefollowing	0	25	0	0	aaaaaaaaaaaaaaaaaaaaaaaaa	1	iiisiscgngingwing	0
round,5	0	5	1	1	aaaaa0	1	rrrorou5,5d,5nd,5	0
NitrilestoAmides:	2	14	0	1	AaaaaaaaaaAaaaaa	1	NNNiNit:s:es:des:	0
7).The	1	2	1	1	0Aaa	1	777)7).eheThe.The	0
.A100-mL	2	1	3	1	A000aA	1	...A.A1LmL-mL0-mL	0
ofp-carbomethoxylbenzamide(	0	25	0	1	aaaaaaaaaaaaaaaaaaaaaaaaa	1	ooofofp(e(de(ide(	0
V89P0066T04366	3	0	11	0	A00A0000A00000	1	VVV8V896663664366	0
heated	0	6	0	0	aaaaaa	1	hhheheadedtedated	0
temperature40-45	0	11	4	1	aaaaaaaaaaa0000	1	tttetem545-450-45	0
withanoil	0	9	0	0	aaaaaaaaa	1	wwwiwitliloilnoil	0
mol%	0	3	0	1	aaa	1	mmmomol%l%ol%mol%	0
V89P0066T0	3	0	7	0	A00A0000A0	1	VVV8V890T06T066T0	0
S1994999waterCLASS	6	5	7	0	A0000000aaaaaAAAAA	1	SSS1S19SSSASSLASS	0
isaddedtothe	0	12	0	0	aaaaaaaaaaaa	1	iiisisaehetheothe	0
themixtureis	0	12	0	0	aaaaaaaaaaaa	1	ttththesiseisreis	0
washedwithwater	0	15	0	0	aaaaaaaaaaaaaaa	1	wwwawasrerterater	0
31mmol)(Note	1	7	2	1	00aaaaAaaa	1	333131meteoteNote	0
rotaryevaporator	0	16	0	0	aaaaaaaaaaaaaaaa	1	rrrorotrortorator	0
andthemixture	0	13	0	0	aaaaaaaaaaaaa	1	aaanandereureture	0
CLASSV89P0066S1372384	8	0	13	0	AAAAAA00A0000A0000000	1	CCCLCLA4843842384	0
flaskthatis	0	11	0	0	aaaaaaaaaaa	1	ffflflasistisatis	0
awhitesolid	0	11	0	0	aaaaaaaaaaa	1	aaawawhdidlidolid	0
.Thesolidproductis	1	16	0	1	Aaaaaaaaaaaaaaaaa	1	...T.Thsistisctis	0
with	0	4	0	0	aaaa	1	wwwiwiththithwith	0
,0.16mmol	0	4	3	1	000aaaa	1	,,,0,0.lolmolmmol	0
27p-CarbomethoxylbenzamideCLASSV89P0066S1	9	22	9	1	00aAaaaaaaaaaaaaaaaaaaaaaAAAAAA00A0000A0	1	222727p1S16S166S1	0
aa	0	2	0	0	aa	0		0
4366	0	0	4	0	0000	1	44434366663664366	0
reactionmixtureisheatedto	0	25	0	0	aaaaaaaaaaaaaaaaaaaaaaaaa	1	rrrereaotodtoedto	0
flaskthatisequippedwith	0	23	0	0	aaaaaaaaaaaaaaaaaaaaaaa	1	ffflflahthithwith	0
bathtemperature130	0	15	3	0	aaaaaaaaaaaaaaa000	1	bbbabat030130e130	0
magneticstirringbar(	0	19	0	1	aaaaaaaaaaaaaaaaaaa	1	mmmamag(r(ar(bar(	0
an	0	2	0	0	aa	0		0
p-CarbomethoxybenzamideCLASSV89P0066S1163	9	21	10	1	aAaaaaaaaaaaaaaaaaaaaaAAAAAA00A0000A0000	1	ppp-p-C3631631163	0
isfilteredthroughaBüchner	1	24	0	0	aaaaaaaaaaaaaaaaaaAaaaaaa	1	iiisisfrernerhner	0
S1307	1	0	4	0	A0000	1	SSS1S137073071307	0
productiswashedwithwater	0	24	0	0	aaaaaaaaaaaaaaaaaaaaaaaa	1	ppprprorerterater	0
isaddedtotheconcentrate	0	23	0	0	aaaaaaaaaaaaaaaaaaaaaaa	1	iiisisaeteaterate	0
toa50-mLround-bottomed	1	17	2	1	aaa00aAaaaaaaaaaaaaa	1	tttotoadedmedomed	0
5	0	0	1	0	0	0		0
5.0equiv)(Notes	1	9	2	1	00aaaaaAaaaa	1	555.5.0sestesotes	0
p-Carbomethoxylbenzamide.A100-mL	3	23	3	1	aAaaaaaaaaaaaaaaaaaaaaaA000aA	1	ppp-p-CLmL-mL0-mL	0
Notes9and10)	1	7	3	1	Aaaaa0aaa00	1	NNNoNot)0)10)d10)	0
1149p-carbomethoxylbenzamideCLASSV89P0066S1	8	23	11	1	0000aaaaaaaaaaaaaaaaaaaaaaaAAAAAA00A0000A0	1	11111141S16S166S1	0
°Cbathtemperature	1	15	0	0	Aaaaaaaaaaaaaaaa	1	°°°C°Cbereureture	0
Notes6and	1	7	1	0	Aaaaa0aaa	1	NNNoNotdndand6and	0
31mmol)	0	4	2	1	00aaaa	1	333131m)l)ol)mol)	0
)(Note	1	3	0	1	Aaaa	1	)))()(NeteoteNote	0
6and7)	0	3	2	1	0aaa0	1	666a6an)7)d7)nd7)	0
isaddedto	0	9	0	0	aaaaaaaaa	1	iiisisaotodtoedto	0
anddried	0	8	0	0	aaaaaaaa	1	aaananddediedried	0
istransferredto	0	15	0	0	aaaaaaaaaaaaaaa	1	iiisistotodtoedto	0
isheatedwith	0	12	0	0	aaaaaaaaaaaa	1	iiisishhthithwith	0
CLASSV89P0066T0	8	0	7	0	AAAAAA00A0000A0	1	CCCLCLA0T06T066T0	0
Thesolidis	1	9	0	0	Aaaaaaaaaa	1	TTThThesisdisidis	0
isequippedwitha	0	15	0	0	aaaaaaaaaaaaaaa	1	iiisiseahathaitha	0
p-carbomethoxylbenzamide(	0	23	0	1	aaaaaaaaaaaaaaaaaaaaaaa	1	ppp-p-c(e(de(ide(	0
concentrateandthe	0	17	0	0	aaaaaaaaaaaaaaaaa	1	cccoconehethedthe	0
white	0	5	0	0	aaaaa	1	wwwhwhieteitehite	0
to	0	2	0	0	aa	0		0
mL,156mmol,	1	5	3	1	aA000aaaa	1	mmmLmL,,l,ol,mol,	0
ofthe	0	5	0	0	aaaaa	1	ooofoftehethefthe	0
,5.0equiv)	0	5	2	1	00aaaaa	1	,,,5,5.)v)iv)uiv)	0
50-mLround-bottomedflaskand	1	22	2	1	00aAaaaaaaaaaaaaaaaaaaaaa	1	555050-dndandkand	0
productis	0	9	0	0	aaaaaaaaa	1	ppprprosistisctis	0
384acetaldoximeCLASS	5	12	3	0	000aaaaaaaaaaaaAAAAA	1	3338384SSSASSLASS	0
(0.1	0	0	2	1	00	1	(((0(0.1.10.1(0.1	0
bubbler	0	7	0	0	aaaaaaa	1	bbbububrerlerbler	0
resultingmixtureisfilteredthrough	0	33	0	0	aaaaaaaaaaaaaaaaaaaaaaaaaaaaaaaaa	1	rrrereshghughough	0
iswashedwithwater	0	17	0	0	aaaaaaaaaaaaaaaaa	1	iiisiswrerterater	0
andacetaldoxime(	0	15	0	1	aaaaaaaaaaaaaaa	1	aaanand(e(me(ime(	0
water(40	0	5	2	1	aaaaa00	1	wwwawat040(40r(40	0
0.5mol%)	0	3	2	1	00aaa	1	000.0.5)%)l%)ol%)	0
withwater	0	9	0	0	aaaaaaaaa	1	wwwiwitrerterater	0
S1307327Wilkinson's	2	9	7	1	A0000000Aaaaaaaaaa	1	SSS1S13s'sn'son's	0
Theresulting	1	11	0	0	Aaaaaaaaaaaa	1	TTThThegngingting	0
20mL)	1	1	2	1	00aA	1	222020m)L)mL)0mL)	0
0.1mmHg)to	1	5	2	1	00aaAaaa	1	000.0.1oto)tog)to	0
27p-Carbomethoxylbenzamide	1	22	2	1	00aAaaaaaaaaaaaaaaaaaaaaa	1	222727pedeidemide	0
p-carbomethoxylbenzamide(Notes9and	1	30	1	1	aaaaaaaaaaaaaaaaaaaaaaaAaaaa0aaa	1	ppp-p-cdndand9and	0
,bathtemperature40-45ºC	1	16	4	1	aaaaaaaaaaaaaaa0000aA	1	,,,b,baCºC5ºC45ºC	0
327p-CarbomethoxylbenzamideCLASSV89P0066	8	22	9	1	000aAaaaaaaaaaaaaaaaaaaaaaAAAAAA00A0000	1	33323276660660066	0
41AmidesCLASS	6	5	2	0	00AaaaaaAAAAA	1	444141ASSSASSLASS	0
refluxcondenser	0	15	0	0	aaaaaaaaaaaaaaa	1	rrrerefrersernser	0
ml).The	1	4	0	1	aaAaa	1	mmmlml)eheThe.The	0
evaporator	0	10	0	0	aaaaaaaaaa	1	eeevevarortorator	0
66p-CarbomethoxybenzamideCLASSV89P0066S1	9	21	9	1	00aAaaaaaaaaaaaaaaaaaaaaAAAAAA00A0000A0	1	666666p1S16S166S1	0
66p-CarbomethoxybenzamideCLASSV89P0066	8	21	8	1	00aAaaaaaaaaaaaaaaaaaaaaAAAAAA00A0000	1	666666p6660660066	0
,andacetaldoxime(9.2	0	15	2	1	aaaaaaaaaaaaaaa00	1	,,,a,an2.29.2(9.2	0
ArgonCLASSV89P0066S1230	9	4	10	0	AaaaaAAAAAA00A0000A0000	1	AAArArg0302301230	0
S1	1	0	1	0	A0	0		0
mL)(Note2	2	4	1	1	aAAaaa0	1	mmmLmL)2e2te2ote2	0
145mg,0.16	0	2	6	1	000aa000	1	1114145616.160.16	0
rotaryevaporator(20-30	0	16	4	1	aaaaaaaaaaaaaaaa0000	1	rrrorot030-300-30	0
V89P0066S1280287toluene	3	7	13	0	A00A0000A0000000aaaaaaa	1	VVV8V89eneeneuene	0
Thesolidistransferred	1	20	0	0	Aaaaaaaaaaaaaaaaaaaaa	1	TTThThededredrred	0
6	0	0	1	0	0	0		0
Wilkinson'scatalyst	1	17	0	1	Aaaaaaaaaaaaaaaaaa	1	WWWiWiltstystlyst	1
vacuum(0.1mmHg	1	9	2	1	aaaaaa00aaAa	1	vvvavacgHgmHgmmHg	0
p-carbomethoxylbenzamide(Notes9	1	27	1	1	aaaaaaaaaaaaaaaaaaaaaaaAaaaa0	1	ppp-p-c9s9es9tes9	0
mmol,5.0equiv	0	9	2	1	aaaa00aaaaa	1	mmmmmmovivuivquiv	0
mmHg,	1	3	0	1	aaAa	1	mmmmmmH,g,Hg,mHg,	0
(Notes6and	1	7	1	1	Aaaaa0aaa	1	(((N(Nodndand6and	0
(20	0	0	2	1	00	0		0
0.1mmHg)toafford	1	11	2	1	00aaAaaaaaaaaa	1	000.0.1drdordford	0
V89P0066S1	3	0	7	0	A00A0000A0	1	VVV8V891S16S166S1	0
Büchnerfunnel.The	2	14	0	1	AaaaaaaaaaaaaAaa	1	BBBüBüceheThe.The	0
9.2g,9.5	0	1	4	1	00a00	1	999.9.25.59.5,9.5	0
)(Note3)	1	3	1	1	Aaaa0	1	)))()(N)3)e3)te3)	0
productiswashedwith	0	19	0	0	aaaaaaaaaaaaaaaaaaa	1	ppprprohthithwith	0
toroomtemperature(	0	17	0	1	aaaaaaaaaaaaaaaaa	1	tttotor(e(re(ure(	0
solidproductiswashedwith	0	24	0	0	aaaaaaaaaaaaaaaaaaaaaaaa	1	sssosolhthithwith	0
evaporator(	0	10	0	1	aaaaaaaaaa	1	eeeveva(r(or(tor(	0
5.0	0	0	2	1	00	0		0
5.1	0	0	2	1	00	0		0
evaporator(20-30mmHg	1	13	4	1	aaaaaaaaaa0000aaAa	1	eeevevagHgmHgmmHg	0
S111251149p-carbomethoxylbenzamideCLASS	6	23	9	1	A000000000aaaaaaaaaaaaaaaaaaaaaaaAAAAA	1	SSS1S11SSSASSLASS	0
CLASSV89P0066S1280	8	0	10	0	AAAAAA00A0000A0000	1	CCCLCLA0802801280	0
AnhydrousHydration	2	16	0	0	AaaaaaaaaAaaaaaaaa	1	AAAnAnhnoniontion	0
waterCLASSV89P0066	7	5	6	0	aaaaaAAAAAA00A0000	1	wwwawat6660660066	0
8).Theresulting	1	11	1	1	0Aaaaaaaaaaaa	1	888)8).gngingting	0
)to	0	2	0	1	aa	0		0
withanoilbath(	0	13	0	1	aaaaaaaaaaaaa	1	wwwiwit(h(th(ath(	0
andthemixtureis	0	15	0	0	aaaaaaaaaaaaaaa	1	aaanandsiseisreis	0
,bathtemperature	0	15	0	1	aaaaaaaaaaaaaaa	1	,,,b,baereureture	0
andcooleddownto	0	15	0	0	aaaaaaaaaaaaaaa	1	aaanandotontownto	0
acetaldoximeCLASSV89P0066T0	8	12	7	0	aaaaaaaaaaaaAAAAAA00A0000A0	1	aaacace0T06T066T0	0
)for	0	3	0	1	aaa	1	)))f)fororfor)for	0
a	0	1	0	0	a	0		0
),Wilkinson'scatalyst	1	17	0	1	Aaaaaaaaaaaaaaaaaa	1	))),),Wtstystlyst	0
isconcentratedunderreduced	0	26	0	0	aaaaaaaaaaaaaaaaaaaaaaaaaa	1	iiisiscdedceduced	0
V89P0066S1280287	3	0	13	0	A00A0000A0000000	1	VVV8V897872870287	0
15mm),a	0	3	2	1	00aaa	1	111515ma,a),am),a	0
(20mL)is	1	3	2	1	00aAaa	1	(((2(20sis)isL)is	0
CLASSV89P0066S1230252	8	0	13	0	AAAAAA00A0000A0000000	1	CCCLCLA2522520252	0
acetaldoximeCLASS	5	12	0	0	aaaaaaaaaaaaAAAAA	1	aaacaceSSSASSLASS	0
washedwithwater(40	0	15	2	1	aaaaaaaaaaaaaaa00	1	wwwawas040(40r(40	0
,round-bottomedflaskthatis	0	24	0	1	aaaaaaaaaaaaaaaaaaaaaaaa	1	,,,r,rosistisatis	0
tolueneCLASSV89P0066S1	8	7	7	0	aaaaaaaAAAAAA00A0000A0	1	tttotol1S16S166S1	0
through	0	7	0	0	aaaaaaa	1	ttththrhghughough	0
a50-mL	1	2	2	1	a00aA	1	aaa5a50LmL-mL0-mL	0
acetaldoxime(9.2g	0	13	2	1	aaaaaaaaaaaa00a	1	aaacaceg2g.2g9.2g	0
27	0	0	2	0	00	0		0
20	0	0	2	0	00	0		0
10)a	0	1	2	1	00a	1	111010)a)a0)a10)a	0
23	0	0	2	0	00	0		0
,arefluxcondenser	0	16	0	1	aaaaaaaaaaaaaaaa	1	,,,a,arrersernser	0
2)	0	0	1	1	0	0		0
mixtureisconcentratedunder	0	26	0	0	aaaaaaaaaaaaaaaaaaaaaaaaaa	1	mmmimixrerdernder	0
6and7	0	3	2	0	0aaa0	1	666a6an7d7nd7and7	0
CLASSV89P0066S1	8	0	7	0	AAAAAA00A0000A0	1	CCCLCLA1S16S166S1	0
T04366p-CarbomethoxybenzamideCLASS	7	21	5	1	A00000aAaaaaaaaaaaaaaaaaaaaaAAAAA	1	TTT0T04SSSASSLASS	0
downtoroomtemperature	0	21	0	0	aaaaaaaaaaaaaaaaaaaaa	1	dddodowereureture	0
mixtureisheatedto	0	17	0	0	aaaaaaaaaaaaaaaaa	1	mmmimixotodtoedto	0
AnhydrousHydrationofNitrilesto	3	27	0	0	AaaaaaaaaAaaaaaaaaaaAaaaaaaaaa	1	AAAnAnhotostoesto	0
).Thesolidis	1	9	0	1	Aaaaaaaaaa	1	))).).Tsisdisidis	0
allowedtocool	0	13	0	0	aaaaaaaaaaaaa	1	aaalallloloolcool	0
equiv)(	0	5	0	1	aaaaa	1	eeeqequ()(v)(iv)(	0
S111251149	1	0	9	0	A000000000	1	SSS1S119491491149	0
Note3),	1	3	1	1	Aaaa0	1	NNNoNot,),3),e3),	0
tocooldowntoroom	0	16	0	0	aaaaaaaaaaaaaaaa	1	tttotocmomoomroom	0
,31mmol)	0	4	2	1	00aaaa	1	,,,3,31)l)ol)mol)	0
3541AmidesCLASSV89P0066	8	5	10	0	0000AaaaaaAAAAAA00A0000	1	33353546660660066	0
for4h	0	4	1	0	aaa0a	1	fffoforh4hr4hor4h	0
undervacuum(	0	11	0	1	aaaaaaaaaaa	1	uuunund(m(um(uum(	0
Nitrilesto	1	9	0	0	Aaaaaaaaaa	1	NNNiNitotostoesto	0
Note3)	1	3	1	1	Aaaa0	1	NNNoNot)3)e3)te3)	0
Amides:p-CarbomethoxybenzamideA.p-Carbomethoxylbenzamide	4	48	0	1	AaaaaaaAaaaaaaaaaaaaaaaaaaaaAaAaaaaaaaaaaaaaaaaaaaaa	1	AAAmAmiedeidemide	0
refluxwithan	0	12	0	0	aaaaaaaaaaaa	1	rrrerefnanhanthan	0
mm)	0	2	0	1	aa	0		0
theconcentrateand	0	17	0	0	aaaaaaaaaaaaaaaaa	1	ttththedndandeand	0
ofNitriles	1	9	0	0	aaAaaaaaaa	1	ooofofNseslesiles	0
41AmidesCLASSV89P0066S1	9	5	9	0	00AaaaaaAAAAAA00A0000A0	1	444141A1S16S166S1	0
heatedwithanoil	0	15	0	0	aaaaaaaaaaaaaaa	1	hhhehealiloilnoil	0
90~100°Cbathtemperature)	1	15	5	1	00000Aaaaaaaaaaaaaaaa	1	999090~)e)re)ure)	0
AnhydrousHydrationofNitriles	3	25	0	0	AaaaaaaaaAaaaaaaaaaaAaaaaaaa	1	AAAnAnhseslesiles	0
.Thesolid	1	7	0	1	Aaaaaaaa	1	...T.Thdidlidolid	0
throughaBüchnerfunnel	1	20	0	0	aaaaaaaaAaaaaaaaaaaaa	1	ttththrlelnelnnel	0
7	0	0	1	0	0	0		0
afford5.1g(	0	7	2	1	aaaaaa00a	1	aaafaff(g(1g(.1g(	0
mg,0.16mmol	0	6	3	1	aa000aaaa	1	mmmgmg,lolmolmmol	0
6and7).	0	3	2	1	0aaa0	1	666a6an.).7).d7).	0
equippedwithamagnetic	0	21	0	0	aaaaaaaaaaaaaaaaaaaaa	1	eeeqequcicticetic	0
372384	0	0	6	0	000000	1	33373724843842384	0
oilbath(bath	0	11	0	1	aaaaaaaaaaa	1	oooioilhthathbath	0
temperature	0	11	0	0	aaaaaaaaaaa	1	tttetemereureture	0
roomtemperature	0	15	0	0	aaaaaaaaaaaaaaa	1	rrrorooereureture	0
)aawhitesolid	0	12	0	1	aaaaaaaaaaaa	1	)))a)aadidlidolid	0
ofNitrilesto	1	11	0	0	aaAaaaaaaaaa	1	ooofofNotostoesto	0
Notes9and	1	7	1	0	Aaaaa0aaa	1	NNNoNotdndand9and	0
bathtemperature130ºC)	1	16	3	1	aaaaaaaaaaaaaaa000aA	1	bbbabat)C)ºC)0ºC)	0
handcooleddownto	0	16	0	0	aaaaaaaaaaaaaaaa	1	hhhahanotontownto	0
Wilkinson'scatalyst(145	1	17	3	1	Aaaaaaaaaaaaaaaaaa000	1	WWWiWil545145(145	0
40ml	0	2	2	0	00aa	1	444040mlml0ml40ml	0
addedtotheconcentrateand	0	24	0	0	aaaaaaaaaaaaaaaaaaaaaaaa	1	aaadadddndandeand	0
ofp-carbomethoxylbenzamide(Notes9	1	29	1	1	aaaaaaaaaaaaaaaaaaaaaaaaaAaaaa0	1	ooofofp9s9es9tes9	0
followingorder	0	14	0	0	aaaaaaaaaaaaaa	1	fffofolrerderrder	0
Wilkinson'scatalystCLASS	6	17	0	1	AaaaaaaaaaaaaaaaaaAAAAA	1	WWWiWilSSSASSLASS	0
addedtothe	0	10	0	0	aaaaaaaaaa	1	aaadaddehetheothe	0
ºC)	1	1	0	1	aA	0		0
(145mg,0.16	0	2	6	1	000aa000	1	(((1(14616.160.16	0
Büchnerfunnel	1	12	0	0	Aaaaaaaaaaaaa	1	BBBüBüclelnelnnel	0
temperature(Note8)	1	14	1	1	aaaaaaaaaaaAaaa0	1	tttetem)8)e8)te8)	0
isconcentratedunderreducedpressure	0	34	0	0	aaaaaaaaaaaaaaaaaaaaaaaaaaaaaaaaaa	1	iiisiscereuresure	0
384acetaldoximeCLASSV89P0066T0	8	12	10	0	000aaaaaaaaaaaaAAAAAA00A0000A0	1	33383840T06T066T0	0
onrotary	0	8	0	0	aaaaaaaa	1	ooononryryarytary	0
bubblerischarged	0	16	0	0	aaaaaaaaaaaaaaaa	1	bbbububdedgedrged	0
bath(90~100°C	1	4	5	1	aaaa00000A	1	bbbabatC°C0°C00°C	0
T04366	1	0	5	0	A00000	1	TTT0T046663664366	0
acetaldoximeCLASSV89P0066T035	8	12	9	0	aaaaaaaaaaaaAAAAAA00A0000A000	1	aaacace535035T035	0
and5)	0	3	1	1	aaa0	1	aaanand)5)d5)nd5)	0
toreflux	0	8	0	0	aaaaaaaa	1	tttotorxuxluxflux	0
mg,0.16	0	2	3	1	aa000	1	mmmgmg,616.160.16	0
),a	0	1	0	1	a	0		0
underreducedpressureon	0	22	0	0	aaaaaaaaaaaaaaaaaaaaaa	1	uuunundnoneonreon	0
,31mmol)(	0	4	2	1	00aaaa	1	,,,3,31()(l)(ol)(	0
handthen	0	8	0	0	aaaaaaaa	1	hhhahannenhenthen	0
afford5.1g(92	0	7	4	1	aaaaaa00a00	1	aaafaff292(92g(92	0
999waterCLASSV89P0066T0	8	5	10	0	000aaaaaAAAAAA00A0000A0	1	99999990T06T066T0	0
amagnetic	0	9	0	0	aaaaaaaaa	1	aaamamacicticetic	0
throughaBüchner	1	14	0	0	aaaaaaaaAaaaaaa	1	ttththrrernerhner	0
orderofthe	0	10	0	0	aaaaaaaaaa	1	ooorordehethefthe	0
AmidesCLASSV89P0066S13	9	5	8	0	AaaaaaAAAAAA00A0000A00	1	AAAmAmi313S136S13	0
15mm)	0	2	2	1	00aa	1	111515m)m)mm)5mm)	0
CLASS	5	0	0	0	AAAAA	1	CCCLCLASSSASSLASS	0
added	0	5	0	0	aaaaa	1	aaadadddeddeddded	0
)(Note2)	1	3	1	1	Aaaa0	1	)))()(N)2)e2)te2)	0
7)	0	0	1	1	0	0		0
The	1	2	0	0	Aaa	0		0
307327Wilkinson's	1	9	6	1	000000Aaaaaaaaaa	1	3330307s'sn'son's	0
bubblerischargedwith	0	20	0	0	aaaaaaaaaaaaaaaaaaaa	1	bbbububhthithwith	0
thereagent:	0	10	0	1	aaaaaaaaaa	1	ttththe:t:nt:ent:	0
V89P0066S111251149p-carbomethoxylbenzamide	3	23	15	1	A00A0000A000000000aaaaaaaaaaaaaaaaaaaaaaa	1	VVV8V89edeidemide	0
andthe	0	6	0	0	aaaaaa	1	aaanandehethedthe	0
Note8	1	3	1	0	Aaaa0	1	NNNoNot8e8te8ote8	0
Note1	1	3	1	0	Aaaa0	1	NNNoNot1e1te1ote1	0
Note3	1	3	1	0	Aaaa0	1	NNNoNot3e3te3ote3	0
Note2	1	3	1	0	Aaaa0	1	NNNoNot2e2te2ote2	0
refluxwithanoilbath	0	19	0	0	aaaaaaaaaaaaaaaaaaa	1	rrrerefhthathbath	0
).Water(20	1	4	2	1	Aaaaa00	1	))).).W020(20r(20	0
'scatalystCLASS	5	9	0	1	aaaaaaaaaAAAAA	1	'''s'scSSSASSLASS	0
4and	0	3	1	0	0aaa	1	444a4andndand4and	0
V89P0066S1372384	3	0	13	0	A00A0000A0000000	1	VVV8V894843842384	0
.A100-mLsingle-necked,	2	13	3	1	A000aAaaaaaaaaaaaa	1	...A.A1,d,ed,ked,	0
).Theresultingmixture	1	18	0	1	Aaaaaaaaaaaaaaaaaaa	1	))).).Tereureture	0
8	0	0	1	0	0	0		0
thereagent	0	10	0	0	aaaaaaaaaa	1	ttththetntentgent	0
aBüchnerfunnel.The	2	15	0	1	aAaaaaaaaaaaaaAaa	1	aaaBaBüeheThe.The	0
(5.0g,31	0	1	4	1	00a00	1	(((5(5.131,31g,31	0
andcooled	0	9	0	0	aaaaaaaaa	1	aaananddedledoled	0
andthenis	0	9	0	0	aaaaaaaaa	1	aaanandsisnisenis	0
Argonbubbler	1	11	0	0	Aaaaaaaaaaaa	1	AAArArgrerlerbler	0
anoilbath(90~100	0	9	5	1	aaaaaaaaa00000	1	aaanano000100~100	0
witha	0	5	0	0	aaaaa	1	wwwiwitahathaitha	0
x	0	1	0	0	a	0		0
thenisallowed	0	13	0	0	aaaaaaaaaaaaa	1	ttththededwedowed	0
toAmides:	1	7	0	1	aaAaaaaa	1	tttotoA:s:es:des:	0
3541Amides	1	5	4	0	0000Aaaaaa	1	3335354sesdesides	0
mmHg)toafford5.1	1	11	2	1	aaAaaaaaaaaa00	1	mmmmmmH1.15.1d5.1	0
thefollowingorder	0	17	0	0	aaaaaaaaaaaaaaaaa	1	ttththererderrder	0
theconcentrateandthemixture	0	27	0	0	aaaaaaaaaaaaaaaaaaaaaaaaaaa	1	ttththeereureture	0
bar(round,5	0	8	1	1	aaaaaaaa0	1	bbbabar5,5d,5nd,5	0
CLASSV89P0066S1723	8	0	10	0	AAAAAA00A0000A0000	1	CCCLCLA3237231723	0
airfor	0	6	0	0	aaaaaa	1	aaaiairrorforrfor	0
transferredto	0	13	0	0	aaaaaaaaaaaaa	1	tttrtraotodtoedto	0
CLASSV89P0066S1723728	8	0	13	0	AAAAAA00A0000A0000000	1	CCCLCLA8287283728	0
andthenisallowed	0	16	0	0	aaaaaaaaaaaaaaaa	1	aaananddedwedowed	0
handthenisallowed	0	17	0	0	aaaaaaaaaaaaaaaaa	1	hhhahandedwedowed	0
pressureonrotaryevaporator	0	26	0	0	aaaaaaaaaaaaaaaaaaaaaaaaaa	1	ppprprerortorator	0
1),	0	0	1	1	0	0		0
T02331NitrilesCLASS	7	7	5	0	A00000AaaaaaaaAAAAA	1	TTT0T02SSSASSLASS	0
(20-30mmHg,	1	3	4	1	0000aaAa	1	(((2(20,g,Hg,mHg,	0
temperature)underair	0	19	0	1	aaaaaaaaaaaaaaaaaaa	1	tttetemrirairrair	0
bar(	0	3	0	1	aaa	1	bbbabar(r(ar(bar(	0
flaskanddriedundervacuum	0	24	0	0	aaaaaaaaaaaaaaaaaaaaaaaa	1	ffflflamumuumcuum	0
2),Wilkinson's	1	9	1	1	0Aaaaaaaaaa	1	222)2),s'sn'son's	0
)(	0	0	0	1		0		0
),	0	0	0	1		0		0
).	0	0	0	1		0		0
isadded	0	7	0	0	aaaaaaa	1	iiisisadeddeddded	0
(90~100°Cbath	1	4	5	1	00000Aaaaa	1	(((9(90hthathbath	0
ml)	0	2	0	1	aa	0		0
V89P0066S11125	3	0	11	0	A00A0000A00000	1	VVV8V895251251125	0
,31mmol	0	4	2	1	00aaaa	1	,,,3,31lolmolmmol	0
undervacuum	0	11	0	0	aaaaaaaaaaa	1	uuunundmumuumcuum	0
728Water	1	4	3	0	000Aaaaa	1	7772728rerterater	0
catalystCLASS	5	8	0	0	aaaaaaaaAAAAA	1	cccacatSSSASSLASS	0
100-mLsingle-necked,	1	13	3	1	000aAaaaaaaaaaaaa	1	1110100,d,ed,ked,	0
327p-Carbomethoxylbenzamide	1	22	3	1	000aAaaaaaaaaaaaaaaaaaaaaa	1	3332327edeidemide	0
)a	0	1	0	1	a	0		0
V89P0066	2	0	6	0	A00A0000	1	VVV8V896660660066	0
a50-mLround-bottomedflaskand	1	23	2	1	a00aAaaaaaaaaaaaaaaaaaaaaa	1	aaa5a50dndandkand	0
V89P0066S1372	3	0	10	0	A00A0000A0000	1	VVV8V892723721372	0
solid	0	5	0	0	aaaaa	1	sssosoldidlidolid	0
mixtureisconcentratedunderreduced	0	33	0	0	aaaaaaaaaaaaaaaaaaaaaaaaaaaaaaaaa	1	mmmimixdedceduced	0
ofthereagent:	0	12	0	1	aaaaaaaaaaaa	1	ooofoft:t:nt:ent:	0
.Thesolidis	1	9	0	1	Aaaaaaaaaa	1	...T.Thsisdisidis	0
1),toluene(	0	7	1	1	0aaaaaaa	1	111)1),(e(ne(ene(	0
awhite	0	6	0	0	aaaaaa	1	aaawawheteitehite	0
g(92%)	0	1	2	1	a00	1	ggg(g(9)%)2%)92%)	0
single-necked,	0	12	0	1	aaaaaaaaaaaa	1	sssisin,d,ed,ked,	0
reagent:methylp-cyanobenzoate(	0	27	0	1	aaaaaaaaaaaaaaaaaaaaaaaaaaa	1	rrrerea(e(te(ate(	0
x15mm)	0	3	2	1	a00aa	1	xxx1x15)m)mm)5mm)	0
T04366p-Carbomethoxybenzamide	2	21	5	1	A00000aAaaaaaaaaaaaaaaaaaaaa	1	TTT0T04edeidemide	0
tothe	0	5	0	0	aaaaa	1	tttototehetheothe	0
solid.	0	5	0	1	aaaaa	1	sssosol.d.id.lid.	0
9	0	0	1	0	0	0		0
994999waterCLASSV89P0066	7	5	12	0	000000aaaaaAAAAAA00A0000	1	99999946660660066	0
'scatalyst(	0	9	0	1	aaaaaaaaa	1	'''s'sc(t(st(yst(	0
(40	0	0	2	1	00	0		0
.Theresulting	1	11	0	1	Aaaaaaaaaaaa	1	...T.Thgngingting	0
3541	0	0	4	0	0000	1	33353541415413541	0
toa50-mL	1	4	2	1	aaa00aA	1	tttotoaLmL-mL0-mL	0
andArgonbubblerischarged	1	23	0	0	aaaAaaaaaaaaaaaaaaaaaaaa	1	aaananddedgedrged	0
50-mLround-bottomedflask	1	19	2	1	00aAaaaaaaaaaaaaaaaaaa	1	555050-kskasklask	0
isequipped	0	10	0	0	aaaaaaaaaa	1	iiisisededpedpped	0
163168ArgonCLASSV89P0066	8	4	12	0	000000AaaaaAAAAAA00A0000	1	11161636660660066	0
toroom	0	6	0	0	aaaaaa	1	tttotormomoomroom	0
vacuum	0	6	0	0	aaaaaa	1	vvvavacmumuumcuum	0
andArgonbubbler	1	14	0	0	aaaAaaaaaaaaaaa	1	aaanandrerlerbler	0
130ºC	1	1	3	0	000aA	1	1113130CºC0ºC30ºC	0
driedundervacuum	0	16	0	0	aaaaaaaaaaaaaaaa	1	dddrdrimumuumcuum	0
4and5).	0	3	2	1	0aaa0	1	444a4an.).5).d5).	0
bathtemperature)under	0	20	0	1	aaaaaaaaaaaaaaaaaaaa	1	bbbabatrerdernder	0
,areflux	0	7	0	1	aaaaaaa	1	,,,a,arxuxluxflux	0
mmHg,bath	1	7	0	1	aaAaaaaa	1	mmmmmmHhthathbath	0
Argonbubbleris	1	13	0	0	Aaaaaaaaaaaaaa	1	AAArArgsisriseris	0
condenserand	0	12	0	0	aaaaaaaaaaaa	1	cccocondndandrand	0
280287tolueneCLASSV89P0066	7	7	12	0	000000aaaaaaaAAAAAA00A0000	1	22282806660660066	0
)isaddedtothe	0	12	0	1	aaaaaaaaaaaa	1	)))i)isehetheothe	0
50-mLround-bottomedflaskanddried	1	27	2	1	00aAaaaaaaaaaaaaaaaaaaaaaaaaaa	1	555050-dediedried	0
bathtemperature40-45	0	15	4	1	aaaaaaaaaaaaaaa0000	1	bbbabat545-450-45	0
toluene	0	7	0	0	aaaaaaa	1	tttotoleneeneuene	1
withan	0	6	0	0	aaaaaa	1	wwwiwitnanhanthan	0
280287	0	0	6	0	000000	1	22282807872870287	0
9.5mL)(Note	2	4	2	1	00aAAaaa	1	999.9.5eteoteNote	0
130ºC)for	1	4	3	1	000aAaaa	1	1113130rorfor)for	0
728WaterCLASS	6	4	3	0	000AaaaaAAAAA	1	7772728SSSASSLASS	0
isallowedto	0	11	0	0	aaaaaaaaaaa	1	iiisisaotodtoedto	0
S1230	1	0	4	0	A0000	1	SSS1S120302301230	0
ofthereagent	0	12	0	0	aaaaaaaaaaaa	1	ooofofttntentgent	0
thereagent:methyl	0	16	0	1	aaaaaaaaaaaaaaaa	1	ttththelylhylthyl	0
2331Nitriles	1	7	4	0	0000Aaaaaaaa	1	2223233seslesiles	0
2),Wilkinson	1	8	1	1	0Aaaaaaaaa	1	222)2),nonsonnson	0
bubblerischargedwiththe	0	23	0	0	aaaaaaaaaaaaaaaaaaaaaaa	1	bbbububehethehthe	0
307	0	0	3	0	000	0		0
11251149p-carbomethoxylbenzamideCLASSV89P0066	7	23	14	1	00000000aaaaaaaaaaaaaaaaaaaaaaaAAAAAA00A0000	1	11111126660660066	0
areflux	0	7	0	0	aaaaaaa	1	aaararexuxluxflux	0
(0.1mmHg)	1	3	2	1	00aaAa	1	(((0(0.)g)Hg)mHg)	0
tocooldownto	0	12	0	0	aaaaaaaaaaaa	1	tttotocotontownto	0
funnel.	0	6	0	1	aaaaaa	1	fffufun.l.el.nel.	0
CLASSV89P0066S11125	8	0	11	0	AAAAAA00A0000A00000	1	CCCLCLA5251251125	0
Note3),and	1	6	1	1	Aaaa0aaa	1	NNNoNotdndand,and	0
CLASSV89P0066S1280287	8	0	13	0	AAAAAA00A0000A0000000	1	CCCLCLA7872870287	0
andthemixtureisheated	0	21	0	0	aaaaaaaaaaaaaaaaaaaaa	1	aaananddedtedated	0
1hand	0	4	1	0	0aaaa	1	111h1hadndandhand	0
.Thesolidistransferred	1	20	0	1	Aaaaaaaaaaaaaaaaaaaaa	1	...T.Thdedredrred	0
66p-CarbomethoxybenzamideCLASS	6	21	2	1	00aAaaaaaaaaaaaaaaaaaaaaAAAAA	1	666666pSSSASSLASS	0
V89P0066S1163	3	0	10	0	A00A0000A0000	1	VVV8V893631631163	0
90~100°Cbathtemperature	1	15	5	1	00000Aaaaaaaaaaaaaaaa	1	999090~ereureture	0
S1280287tolueneCLASS	6	7	7	0	A0000000aaaaaaaAAAAA	1	SSS1S12SSSASSLASS	0
,round-bottomed	0	13	0	1	aaaaaaaaaaaaa	1	,,,r,rodedmedomed	0
CLASSV89P0066T035	8	0	9	0	AAAAAA00A0000A000	1	CCCLCLA535035T035	0
(0.1mmHg	1	3	2	1	00aaAa	1	(((0(0.gHgmHgmmHg	0
S1307327Wilkinson	2	8	7	0	A0000000Aaaaaaaaa	1	SSS1S13nonsonnson	0
p-cyanobenzoate(	0	14	0	1	aaaaaaaaaaaaaa	1	ppp-p-c(e(te(ate(	0
equippedwithamagneticstirring	0	29	0	0	aaaaaaaaaaaaaaaaaaaaaaaaaaaaa	1	eeeqequgngingring	0
994999	0	0	6	0	000000	1	99999949999994999	0
funnel.Thesolidproduct	1	20	0	1	aaaaaaAaaaaaaaaaaaaaa	1	fffufuntctuctduct	0
:	0	0	0	1		0		0
mixtureisfilteredthrougha	0	25	0	0	aaaaaaaaaaaaaaaaaaaaaaaaa	1	mmmimixahaghaugha	0
.A	1	0	0	1	A	0		0
totheconcentrateandthe	0	22	0	0	aaaaaaaaaaaaaaaaaaaaaa	1	tttototehethedthe	0
stirringbar(round,	0	16	0	1	aaaaaaaaaaaaaaaa	1	ssststi,d,nd,und,	0
equiv)(Notes4	1	9	1	1	aaaaaAaaaa0	1	eeeqequ4s4es4tes4	0
A.p-Carbomethoxylbenzamide.A100-mL	4	23	3	1	AaAaaaaaaaaaaaaaaaaaaaaaA000aA	1	AAA.A.pLmL-mL0-mL	0
istransferredtoa	0	16	0	0	aaaaaaaaaaaaaaaa	1	iiisistaoatoadtoa	0
(145	0	0	3	1	000	1	(((1(14545145(145	0
toluene(9.5mL)	1	8	2	1	aaaaaaa00aA	1	tttotol)L)mL)5mL)	0
92%)ofp-carbomethoxylbenzamide	0	25	2	1	00aaaaaaaaaaaaaaaaaaaaaaaaa	1	999292%edeidemide	0
rotary	0	6	0	0	aaaaaa	1	rrrorotyryarytary	0
evaporator(20-30mmHg,	1	13	4	1	aaaaaaaaaa0000aaAa	1	eeeveva,g,Hg,mHg,	0
9.2g,	0	1	2	1	00a	1	999.9.2,g,2g,.2g,	0
%	0	0	0	1		0		0
V89P0066S1307	3	0	10	0	A00A0000A0000	1	VVV8V897073071307	0
ArgonCLASSV89P0066S1	9	4	7	0	AaaaaAAAAAA00A0000A0	1	AAArArg1S16S166S1	0
HydrationofNitrilestoAmides	3	24	0	0	AaaaaaaaaaaAaaaaaaaaaAaaaaa	1	HHHyHydsesdesides	0
A.	1	0	0	1	A	0		0
solidproductis	0	14	0	0	aaaaaaaaaaaaaa	1	sssosolsistisctis	0
V89P0066T03541Amides	4	5	11	0	A00A0000A00000Aaaaaa	1	VVV8V89sesdesides	0
mL)(	1	1	0	1	aA	1	mmmLmL)()(L)(mL)(	0
156mmol,5.0	0	4	5	1	000aaaa00	1	11151560.05.0,5.0	0
9.5mL	1	1	2	1	00aA	1	999.9.5LmL5mL.5mL	0
T0	1	0	1	0	A0	0		0
and7)	0	3	1	1	aaa0	1	aaanand)7)d7)nd7)	0
driedunder	0	10	0	0	aaaaaaaaaa	1	dddrdrirerdernder	0
water(40ml	0	7	2	1	aaaaa00aa	1	wwwawatlml0ml40ml	0
(Note3),	1	3	1	1	Aaaa0	1	(((N(No,),3),e3),	0
)is	0	2	0	1	aa	0		0
handcooleddown	0	14	0	0	aaaaaaaaaaaaaa	1	hhhahannwnowndown	0
5.0equiv)	0	5	2	1	00aaaaa	1	555.5.0)v)iv)uiv)	0
,0.16mmol,	0	4	3	1	000aaaa	1	,,,0,0.,l,ol,mol,	0
toafford5.1	0	8	2	1	aaaaaaaa00	1	tttotoa1.15.1d5.1	0
followingorderofthereagent	0	26	0	0	aaaaaaaaaaaaaaaaaaaaaaaaaa	1	fffofoltntentgent	0
)for4hand	0	7	1	1	aaa0aaaa	1	)))f)fodndandhand	0
round-bottomedflaskthatisequipped	0	32	0	1	aaaaaaaaaaaaaaaaaaaaaaaaaaaaaaaa	1	rrroroudedpedpped	0
V89P0066S111251149	3	0	15	0	A00A0000A000000000	1	VVV8V899491491149	0
AmidesCLASSV89P0066S1	9	5	7	0	AaaaaaAAAAAA00A0000A0	1	AAAmAmi1S16S166S1	0
followingorderofthe	0	19	0	0	aaaaaaaaaaaaaaaaaaa	1	fffofolehethefthe	0
Amides:p-CarbomethoxybenzamideA.	3	26	0	1	AaaaaaaAaaaaaaaaaaaaaaaaaaaaA	1	AAAmAmi.A.eA.deA.	0
g,	0	1	0	1	a	0		0
V89P0066S1163168Argon	4	4	13	0	A00A0000A0000000Aaaaa	1	VVV8V89nongonrgon	0
g(	0	1	0	1	a	0		0
istransferred	0	13	0	0	aaaaaaaaaaaaa	1	iiisistdedredrred	0
1),toluene	0	7	1	1	0aaaaaaa	1	111)1),eneeneuene	0
(5.0g,	0	1	2	1	00a	1	(((5(5.,g,0g,.0g,	0
cooldowntoroom	0	14	0	0	aaaaaaaaaaaaaa	1	cccocoomomoomroom	0
NitrilesCLASS	6	7	0	0	AaaaaaaaAAAAA	1	NNNiNitSSSASSLASS	0
withanoilbath	0	13	0	0	aaaaaaaaaaaaa	1	wwwiwiththathbath	0
T023	1	0	3	0	A000	1	TTT0T02323023T023	0
(Note1),	1	3	1	1	Aaaa0	1	(((N(No,),1),e1),	0
for1h	0	4	1	0	aaa0a	1	fffoforh1hr1hor1h	0
round-bottomedflask	0	18	0	1	aaaaaaaaaaaaaaaaaa	1	rrroroukskasklask	0
following	0	9	0	0	aaaaaaaaa	1	fffofolgngingwing	0
40-45ºC	1	1	4	1	0000aA	1	444040-CºC5ºC45ºC	0
,31	0	0	2	1	00	0		0
90~100	0	0	5	1	00000	1	999090~000100~100	0
50-mLround-bottomed	1	14	2	1	00aAaaaaaaaaaaaaa	1	555050-dedmedomed	0
equiv)	0	5	0	1	aaaaa	1	eeeqequ)v)iv)uiv)	0
Amides:	1	5	0	1	Aaaaaa	1	AAAmAmi:s:es:des:	0
pressure	0	8	0	0	aaaaaaaa	1	ppprpreereuresure	0
filteredthroughaBüchnerfunnel	1	28	0	0	aaaaaaaaaaaaaaaaAaaaaaaaaaaaa	1	fffifillelnelnnel	0
31	0	0	2	0	00	0		0
35	0	0	2	0	00	0		0
723728WaterCLASS	6	4	6	0	000000AaaaaAAAAA	1	7772723SSSASSLASS	0
3)	0	0	1	1	0	0		0
resulting	0	9	0	0	aaaaaaaaa	1	rrreresgngingting	0
(Note1)	1	3	1	1	Aaaa0	1	(((N(No)1)e1)te1)	0
S1327	1	0	4	0	A0000	1	SSS1S137273271327	0
refluxcondenserand	0	18	0	0	aaaaaaaaaaaaaaaaaa	1	rrrerefdndandrand	0
:p-Carbomethoxybenzamide	1	21	0	1	aAaaaaaaaaaaaaaaaaaaaa	1	:::p:p-edeidemide	0
)under	0	5	0	1	aaaaa	1	)))u)unrerdernder	0
underairfor1h	0	12	1	0	aaaaaaaaaaa0a	1	uuunundh1hr1hor1h	0
tocool	0	6	0	0	aaaaaa	1	tttotocloloolcool	0
round-bottomedflaskthat	0	22	0	1	aaaaaaaaaaaaaaaaaaaaaa	1	rrroroutathatthat	0
methylp-cyanobenzoate(5.0	0	20	2	1	aaaaaaaaaaaaaaaaaaaa00	1	mmmemet0.05.0(5.0	0
equippedwitha	0	13	0	0	aaaaaaaaaaaaa	1	eeeqequahathaitha	0
solidis	0	7	0	0	aaaaaaa	1	sssosolsisdisidis	0
Note1)	1	3	1	1	Aaaa0	1	NNNoNot)1)e1)te1)	0
).Water(	1	4	0	1	Aaaaa	1	))).).W(r(er(ter(	0
ml).	0	2	0	1	aa	1	mmmlml).).l).ml).	0
concentratedunderreduced	0	24	0	0	aaaaaaaaaaaaaaaaaaaaaaaa	1	cccocondedceduced	0
CLASSV89P0066T023	8	0	9	0	AAAAAA00A0000A000	1	CCCLCLA323023T023	0
refluxcondenserandArgonbubbler	1	29	0	0	aaaaaaaaaaaaaaaaaaAaaaaaaaaaaa	1	rrrerefrerlerbler	0
Note2),	1	3	1	1	Aaaa0	1	NNNoNot,),2),e2),	0
V89P0066S1163168	3	0	13	0	A00A0000A0000000	1	VVV8V898681683168	0
0.5mol	0	3	2	1	00aaa	1	000.0.5lolmol5mol	0
pressureonrotary	0	16	0	0	aaaaaaaaaaaaaaaa	1	ppprpreyryarytary	0
168ArgonCLASS	6	4	3	0	000AaaaaAAAAA	1	1116168SSSASSLASS	0
S1372384	1	0	7	0	A0000000	1	SSS1S134843842384	0
catalystCLASSV89P0066S1372	8	8	10	0	aaaaaaaaAAAAAA00A0000A0000	1	cccacat2723721372	0
0.16mmol,0.5mol	0	7	5	1	000aaaa00aaa	1	000.0.1lolmol5mol	0
arefluxcondenserandArgon	1	23	0	0	aaaaaaaaaaaaaaaaaaaAaaaa	1	aaararenongonrgon	0
refluxwith	0	10	0	0	aaaaaaaaaa	1	rrrerefhthithwith	0
flaskthatisequipped	0	19	0	0	aaaaaaaaaaaaaaaaaaa	1	ffflfladedpedpped	0
reducedpressureonrotary	0	23	0	0	aaaaaaaaaaaaaaaaaaaaaaa	1	rrreredyryarytary	0
0.5	0	0	2	1	00	0		0
(Notes6and7	1	7	2	1	Aaaaa0aaa0	1	(((N(No7d7nd7and7	0
water(	0	5	0	1	aaaaa	1	wwwawat(r(er(ter(	0
afford5.1g	0	7	2	1	aaaaaa00a	1	aaafaffg1g.1g5.1g	0
S1994999water	1	5	7	0	A0000000aaaaa	1	SSS1S19rerterater	0
Amides:p-Carbomethoxybenzamide	2	26	0	1	AaaaaaaAaaaaaaaaaaaaaaaaaaaa	1	AAAmAmiedeidemide	0
Notes	1	4	0	0	Aaaaa	1	NNNoNotsestesotes	0
AmidesCLASS	6	5	0	0	AaaaaaAAAAA	1	AAAmAmiSSSASSLASS	0
and10)a	0	4	2	1	aaa00a	1	aaananda)a0)a10)a	0
withwater(40ml	0	11	2	1	aaaaaaaaa00aa	1	wwwiwitlml0ml40ml	0
isfilteredthrougha	0	18	0	0	aaaaaaaaaaaaaaaaaa	1	iiisisfahaghaugha	0
9and10)a	0	4	3	1	0aaa00a	1	999a9ana)a0)a10)a	0
1149p-carbomethoxylbenzamide	0	23	4	1	0000aaaaaaaaaaaaaaaaaaaaaaa	1	1111114edeidemide	0
funnel.The	1	8	0	1	aaaaaaAaa	1	fffufuneheThe.The	0
p-Carbomethoxylbenzamide	1	22	0	1	aAaaaaaaaaaaaaaaaaaaaaa	1	ppp-p-Cedeidemide	1
S1372384acetaldoxime	1	12	7	0	A0000000aaaaaaaaaaaa	1	SSS1S13emeimexime	0
themixtureisheated	0	18	0	0	aaaaaaaaaaaaaaaaaa	1	ttththededtedated	0
)ofp-carbomethoxylbenzamide	0	25	0	1	aaaaaaaaaaaaaaaaaaaaaaaaa	1	)))o)ofedeidemide	0
g,9.5mL,	1	2	2	1	a00aA	1	ggg,g,9,L,mL,5mL,	0
723728Water	1	4	6	0	000000Aaaaa	1	7772723rerterater	0
%)	0	0	0	1		0		0
)toafford5.1	0	8	2	1	aaaaaaaa00	1	)))t)to1.15.1d5.1	0
oilbath(	0	7	0	1	aaaaaaa	1	oooioil(h(th(ath(	0
airfor1	0	6	1	0	aaaaaa0	1	aaaiair1r1or1for1	0
:p-CarbomethoxybenzamideA.	2	21	0	1	aAaaaaaaaaaaaaaaaaaaaaA	1	:::p:p-.A.eA.deA.	0
130	0	0	3	0	000	0		0
AnhydrousHydrationof	2	18	0	0	AaaaaaaaaAaaaaaaaaaa	1	AAAnAnhfofnofonof	0
9and	0	3	1	0	0aaa	1	999a9andndand9and	0
%)(Note3	1	3	1	1	Aaaa0	1	%%%)%)(3e3te3ote3	0
S1307327	1	0	7	0	A0000000	1	SSS1S137273277327	0
,Wilkinson'scatalyst(	1	17	0	1	Aaaaaaaaaaaaaaaaaa	1	,,,W,Wi(t(st(yst(	0
230252methylp-cyanobenzoateCLASS	5	20	6	1	000000aaaaaaaaaaaaaaaaaaaaAAAAA	1	2223230SSSASSLASS	0
toluene(9.5	0	7	2	1	aaaaaaa00	1	tttotol5.59.5(9.5	0
mL,156	1	1	3	1	aA000	1	mmmLmL,656156,156	0
temperature130ºC	1	12	3	0	aaaaaaaaaaa000aA	1	tttetemCºC0ºC30ºC	0
toAmides	1	7	0	0	aaAaaaaa	1	tttotoAsesdesides	0
mL)isaddedto	1	10	0	1	aAaaaaaaaaa	1	mmmLmL)otodtoedto	0
mg,0.16mmol,	0	6	3	1	aa000aaaa	1	mmmgmg,,l,ol,mol,	0
Notes4and5)	1	7	2	1	Aaaaa0aaa0	1	NNNoNot)5)d5)nd5)	0
8)	0	0	1	1	0	0		0
NitrilestoAmides	2	14	0	0	AaaaaaaaaaAaaaaa	1	NNNiNitsesdesides	0
3),and	0	3	1	1	0aaa	1	333)3),dndand,and	0
,0.5mol%	0	3	2	1	00aaa	1	,,,0,0.%l%ol%mol%	0
CLASSV89P0066T02331	8	0	11	0	AAAAAA00A0000A00000	1	CCCLCLA1313312331	0
thefollowingorderof	0	19	0	0	aaaaaaaaaaaaaaaaaaa	1	ttththefofroferof	0
thenisallowedtocool	0	19	0	0	aaaaaaaaaaaaaaaaaaa	1	ttththeloloolcool	0
,9.5mL,	1	1	2	1	00aA	1	,,,9,9.,L,mL,5mL,	0
S1163168Argon	2	4	7	0	A0000000Aaaaa	1	SSS1S11nongonrgon	0
afford	0	6	0	0	aaaaaa	1	aaafaffdrdordford	0
bar(round,	0	8	0	1	aaaaaaaa	1	bbbabar,d,nd,und,	0
onrotaryevaporator(	0	18	0	1	aaaaaaaaaaaaaaaaaa	1	ooononr(r(or(tor(	0
bubbleris	0	9	0	0	aaaaaaaaa	1	bbbububsisriseris	0
solidproduct	0	12	0	0	aaaaaaaaaaaa	1	sssosoltctuctduct	0
toafford	0	8	0	0	aaaaaaaa	1	tttotoadrdordford	0
withthefollowing	0	16	0	0	aaaaaaaaaaaaaaaa	1	wwwiwitgngingwing	0
anddriedundervacuum	0	19	0	0	aaaaaaaaaaaaaaaaaaa	1	aaanandmumuumcuum	0
cooleddowntoroomtemperature	0	27	0	0	aaaaaaaaaaaaaaaaaaaaaaaaaaa	1	cccocooereureture	0
11251149p-carbomethoxylbenzamide	0	23	8	1	00000000aaaaaaaaaaaaaaaaaaaaaaa	1	1111112edeidemide	0
g	0	1	0	0	a	0		0
:methylp-cyanobenzoate(5.0	0	20	2	1	aaaaaaaaaaaaaaaaaaaa00	1	:::m:me0.05.0(5.0	0
T035	1	0	3	0	A000	1	TTT0T03535035T035	0
toroomtemperature	0	17	0	0	aaaaaaaaaaaaaaaaa	1	tttotorereureture	0
tocooldown	0	10	0	0	aaaaaaaaaa	1	tttotocnwnowndown	0
(20mL	1	1	2	1	00aA	1	(((2(20LmL0mL20mL	0
(bathtemperature130ºC	1	16	3	1	aaaaaaaaaaaaaaa000aA	1	(((b(baCºC0ºC30ºC	0
1149p-carbomethoxylbenzamideCLASSV89P0066	7	23	10	1	0000aaaaaaaaaaaaaaaaaaaaaaaAAAAAA00A0000	1	11111146660660066	0
,156mmol	0	4	3	1	000aaaa	1	,,,1,15lolmolmmol	0
),toluene(	0	7	0	1	aaaaaaa	1	))),),t(e(ne(ene(	0
allowedto	0	9	0	0	aaaaaaaaa	1	aaalallotodtoedto	0
acetaldoxime(	0	12	0	1	aaaaaaaaaaaa	1	aaacace(e(me(ime(	0
40ml).The	1	4	2	1	00aaAaa	1	444040meheThe.The	0
°Cbathtemperature)under	1	20	0	1	Aaaaaaaaaaaaaaaaaaaaa	1	°°°C°Cbrerdernder	0
Argon	1	4	0	0	Aaaaa	1	AAArArgnongonrgon	1
withthe	0	7	0	0	aaaaaaa	1	wwwiwitehethehthe	0
Theresultingmixtureis	1	20	0	0	Aaaaaaaaaaaaaaaaaaaaa	1	TTThThesiseisreis	0
single-necked,round-bottomedflask	0	30	0	1	aaaaaaaaaaaaaaaaaaaaaaaaaaaaaa	1	sssisinkskasklask	0
Note1),	1	3	1	1	Aaaa0	1	NNNoNot,),1),e1),	0
V89P0066T043	3	0	9	0	A00A0000A000	1	VVV8V89343043T043	0
(92%)	0	0	2	1	00	1	(((9(92)%)2%)92%)	0
istransferredtoa50-mL	1	17	2	1	aaaaaaaaaaaaaaaa00aA	1	iiisistLmL-mL0-mL	0
%)ofp-carbomethoxylbenzamide	0	25	0	1	aaaaaaaaaaaaaaaaaaaaaaaaa	1	%%%)%)oedeidemide	0
anddriedundervacuum(	0	19	0	1	aaaaaaaaaaaaaaaaaaa	1	aaanand(m(um(uum(	0
(Note2)	1	3	1	1	Aaaa0	1	(((N(No)2)e2)te2)	0
withamagnetic	0	13	0	0	aaaaaaaaaaaaa	1	wwwiwitcicticetic	0
bathtemperature	0	15	0	0	aaaaaaaaaaaaaaa	1	bbbabatereureture	0
addedtotheconcentrate	0	21	0	0	aaaaaaaaaaaaaaaaaaaaa	1	aaadaddeteaterate	0
heatedwith	0	10	0	0	aaaaaaaaaa	1	hhheheahthithwith	0
ischargedwith	0	13	0	0	aaaaaaaaaaaaa	1	iiisischthithwith	0
equiv)(Notes	1	9	0	1	aaaaaAaaaa	1	eeeqequsestesotes	0
,9.5	0	0	2	1	00	1	,,,9,9.5.59.5,9.5	0
327Wilkinson'scatalystCLASS	6	17	3	1	000AaaaaaaaaaaaaaaaaaAAAAA	1	3332327SSSASSLASS	0
,5.0	0	0	2	1	00	1	,,,5,5.0.05.0,5.0	0
Note2)	1	3	1	1	Aaaa0	1	NNNoNot)2)e2)te2)	0
Wilkinson's	1	9	0	1	Aaaaaaaaaa	1	WWWiWils'sn'son's	0
bath(bathtemperature130	0	19	3	1	aaaaaaaaaaaaaaaaaaa000	1	bbbabat030130e130	0
:p-CarbomethoxybenzamideA.p-Carbomethoxylbenzamide	3	43	0	1	aAaaaaaaaaaaaaaaaaaaaaAaAaaaaaaaaaaaaaaaaaaaaa	1	:::p:p-edeidemide	0
V89P0066S13	3	0	8	0	A00A0000A00	1	VVV8V89313S136S13	0
V89P0066S1994999	3	0	13	0	A00A0000A0000000	1	VVV8V899999994999	0
230252methyl	0	6	6	0	000000aaaaaa	1	2223230lylhylthyl	0
'scatalyst(145	0	9	3	1	aaaaaaaaa000	1	'''s'sc545145(145	0
%)(	0	0	0	1		0		0
,5.0equiv)(	0	5	2	1	00aaaaa	1	,,,5,5.()(v)(iv)(	0
thereagent:methylp-cyanobenzoate	0	30	0	1	aaaaaaaaaaaaaaaaaaaaaaaaaaaaaa	1	ttththeeteateoate	0
,bath	0	4	0	1	aaaa	1	,,,b,bahthathbath	0
underreduced	0	12	0	0	aaaaaaaaaaaa	1	uuununddedceduced	0
roomtemperature(	0	15	0	1	aaaaaaaaaaaaaaa	1	rrroroo(e(re(ure(	0
amagneticstirringbar(	0	20	0	1	aaaaaaaaaaaaaaaaaaaa	1	aaamama(r(ar(bar(	0
,156mmol,5.0	0	4	5	1	000aaaa00	1	,,,1,150.05.0,5.0	0
2331	0	0	4	0	0000	1	22232331313312331	0
productiswashed	0	15	0	0	aaaaaaaaaaaaaaa	1	ppprprodedhedshed	0
9and10	0	3	3	0	0aaa00	1	999a9an010d10nd10	0
(145mg,	0	2	3	1	000aa	1	(((1(14,g,mg,5mg,	0
refluxcondenserandArgon	1	22	0	0	aaaaaaaaaaaaaaaaaaAaaaa	1	rrrerefnongonrgon	0
S1723728WaterCLASS	7	4	7	0	A0000000AaaaaAAAAA	1	SSS1S17SSSASSLASS	0
mol%)(	0	3	0	1	aaa	1	mmmomol()(%)(l%)(	0
mg,	0	2	0	1	aa	0		0
V89P0066S1327	3	0	10	0	A00A0000A0000	1	VVV8V897273271327	0
Wilkinson	1	8	0	0	Aaaaaaaaa	1	WWWiWilnonsonnson	0
bathtemperature40-45ºC)	1	16	4	1	aaaaaaaaaaaaaaa0000aA	1	bbbabat)C)ºC)5ºC)	0
anddriedunder	0	13	0	0	aaaaaaaaaaaaa	1	aaanandrerdernder	0
)(Notes	1	4	0	1	Aaaaa	1	)))()(Nsestesotes	0
(	0	0	0	1		0		0
heatedtorefluxwithan	0	20	0	0	aaaaaaaaaaaaaaaaaaaa	1	hhheheananhanthan	0
refluxwithanoil	0	15	0	0	aaaaaaaaaaaaaaa	1	rrrerefliloilnoil	0
withthefollowingorder	0	21	0	0	aaaaaaaaaaaaaaaaaaaaa	1	wwwiwitrerderrder	0
solidproductiswashed	0	20	0	0	aaaaaaaaaaaaaaaaaaaa	1	sssosoldedhedshed	0
,5.0equiv	0	5	2	1	00aaaaa	1	,,,5,5.vivuivquiv	0
994	0	0	3	0	000	0		0
V89P0066S1307327	3	0	13	0	A00A0000A0000000	1	VVV8V897273277327	0
S1230252	1	0	7	0	A0000000	1	SSS1S122522520252	0
999	0	0	3	0	000	0		0
acetaldoxime	0	12	0	0	aaaaaaaaaaaa	1	aaacaceemeimexime	1
(20-30	0	0	4	1	0000	1	(((2(20030-300-30	0
156mmol,5.0equiv	0	9	5	1	000aaaa00aaaaa	1	1115156vivuivquiv	0
reactionmixtureisheated	0	23	0	0	aaaaaaaaaaaaaaaaaaaaaaa	1	rrrereadedtedated	0
ofp-carbomethoxylbenzamide(Notes	1	29	0	1	aaaaaaaaaaaaaaaaaaaaaaaaaAaaaa	1	ooofofpsestesotes	0
mixtureisheatedwithan	0	21	0	0	aaaaaaaaaaaaaaaaaaaaa	1	mmmimixnanhanthan	0
)(Note2	1	3	1	1	Aaaa0	1	)))()(N2e2te2ote2	0
)(Note3	1	3	1	1	Aaaa0	1	)))()(N3e3te3ote3	0
)(Note1	1	3	1	1	Aaaa0	1	)))()(N1e1te1ote1	0
h	0	1	0	0	a	0		0
(5.0	0	0	2	1	00	1	(((5(5.0.05.0(5.0	0
130ºC)	1	1	3	1	000aA	1	1113130)C)ºC)0ºC)	0
a50-mLround-bottomedflask	1	20	2	1	a00aAaaaaaaaaaaaaaaaaaa	1	aaa5a50kskasklask	0
ofNitrilestoAmides	2	16	0	0	aaAaaaaaaaaaAaaaaa	1	ooofofNsesdesides	0
torefluxwithanoil	0	17	0	0	aaaaaaaaaaaaaaaaa	1	tttotorliloilnoil	0
999water	0	5	3	0	000aaaaa	1	9999999rerterater	0
)of	0	2	0	1	aa	0		0
chargedwith	0	11	0	0	aaaaaaaaaaa	1	ccchchahthithwith	0
condenserandArgon	1	16	0	0	aaaaaaaaaaaaAaaaa	1	cccoconnongonrgon	0
S1280287toluene	1	7	7	0	A0000000aaaaaaa	1	SSS1S12eneeneuene	0
heatedtoreflux	0	14	0	0	aaaaaaaaaaaaaa	1	hhheheaxuxluxflux	0
(bathtemperature	0	15	0	1	aaaaaaaaaaaaaaa	1	(((b(baereureture	0
3541AmidesCLASS	6	5	4	0	0000AaaaaaAAAAA	1	3335354SSSASSLASS	0
and7).The	1	5	1	1	aaa0Aaa	1	aaanandeheThe.The	0
cooleddowntoroom	0	16	0	0	aaaaaaaaaaaaaaaa	1	cccocoomomoomroom	0
transferredtoa50-mL	1	15	2	1	aaaaaaaaaaaaaa00aA	1	tttrtraLmL-mL0-mL	0
,9.5mL	1	1	2	1	00aA	1	,,,9,9.LmL5mL.5mL	0
9.2g,9.5mL	1	2	4	1	00a00aA	1	999.9.2LmL5mL.5mL	0
10)aawhite	0	7	2	1	00aaaaaaa	1	111010)eteitehite	0
vacuum(0.1	0	6	2	1	aaaaaa00	1	vvvavac1.10.1(0.1	0
92%)	0	0	2	1	00	1	999292%)%)2%)92%)	0
)(Notes4and	1	7	1	1	Aaaaa0aaa	1	)))()(Ndndand4and	0
(9.2	0	0	2	1	00	1	(((9(9.2.29.2(9.2	0
isfiltered	0	10	0	0	aaaaaaaaaa	1	iiisisfdedredered	0
stirring	0	8	0	0	aaaaaaaa	1	ssststigngingring	0
(9.5	0	0	2	1	00	1	(((9(9.5.59.5(9.5	0
acetaldoximeCLASSV89P0066	7	12	6	0	aaaaaaaaaaaaAAAAAA00A0000	1	aaacace6660660066	0
,toluene(9.5	0	7	2	1	aaaaaaa00	1	,,,t,to5.59.5(9.5	0
S1372384acetaldoximeCLASS	6	12	7	0	A0000000aaaaaaaaaaaaAAAAA	1	SSS1S13SSSASSLASS	0
toa50-mLround-bottomedflask	1	22	2	1	aaa00aAaaaaaaaaaaaaaaaaaa	1	tttotoakskasklask	0
(92	0	0	2	1	00	0		0
amagneticstirring	0	17	0	0	aaaaaaaaaaaaaaaaa	1	aaamamagngingring	0
ºC).Water(	2	5	0	1	aAAaaaa	1	ºººCºC)(r(er(ter(	0
(92%)of	0	2	2	1	00aa	1	(((9(92fof)of%)of	0
round,5x	0	6	1	1	aaaaa0a	1	rrroroux5x,5xd,5x	0
9.5mL)(	1	1	2	1	00aA	1	999.9.5()(L)(mL)(	0
isheatedtorefluxwith	0	20	0	0	aaaaaaaaaaaaaaaaaaaa	1	iiisishhthithwith	0
andacetaldoxime(9.2	0	15	2	1	aaaaaaaaaaaaaaa00	1	aaanand2.29.2(9.2	0
),areflux	0	7	0	1	aaaaaaa	1	))),),axuxluxflux	0
anoil	0	5	0	0	aaaaa	1	aaananoliloilnoil	0
5).The	1	2	1	1	0Aaa	1	555)5).eheThe.The	0
underreducedpressureonrotary	0	28	0	0	aaaaaaaaaaaaaaaaaaaaaaaaaaaa	1	uuunundyryarytary	0
(Note3)	1	3	1	1	Aaaa0	1	(((N(No)3)e3)te3)	0
bath(bath	0	8	0	1	aaaaaaaa	1	bbbabaththathbath	0
)	0	0	0	1		0		0
temperature40-45ºC)	1	12	4	1	aaaaaaaaaaa0000aA	1	tttetem)C)ºC)5ºC)	0
toafford5.1g(	0	9	2	1	aaaaaaaa00a	1	tttotoa(g(1g(.1g(	0
torefluxwith	0	12	0	0	aaaaaaaaaaaa	1	tttotorhthithwith	0
round-bottomedflaskthatis	0	24	0	1	aaaaaaaaaaaaaaaaaaaaaaaa	1	rrrorousistisatis	0
Anhydrous	1	8	0	0	Aaaaaaaaa	1	AAAnAnhsusousrous	0
0.1	0	0	2	1	00	0		0
isallowed	0	9	0	0	aaaaaaaaa	1	iiisisadedwedowed	0
concentrateandthemixtureis	0	26	0	0	aaaaaaaaaaaaaaaaaaaaaaaaaa	1	cccoconsiseisreis	0
).The	1	2	0	1	Aaa	1	))).).TeheThe.The	0
20-30mmHg,bath	1	7	4	1	0000aaAaaaaa	1	222020-hthathbath	0
.Theresultingmixtureis	1	20	0	1	Aaaaaaaaaaaaaaaaaaaaa	1	...T.Thsiseisreis	0
catalyst(145mg,	0	10	3	1	aaaaaaaa000aa	1	cccacat,g,mg,5mg,	0
S1230252methyl	1	6	7	0	A0000000aaaaaa	1	SSS1S12lylhylthyl	0
4hand	0	4	1	0	0aaaa	1	444h4hadndandhand	0
cooleddownto	0	12	0	0	aaaaaaaaaaaa	1	cccocoootontownto	0
aBüchnerfunnel.	1	13	0	1	aAaaaaaaaaaaaa	1	aaaBaBü.l.el.nel.	0
CLASSV89P0066T04366	8	0	11	0	AAAAAA00A0000A00000	1	CCCLCLA6663664366	0
V89P0066T04366p-Carbomethoxybenzamide	4	21	11	1	A00A0000A00000aAaaaaaaaaaaaaaaaaaaaa	1	VVV8V89edeidemide	0
Notes9and10	1	7	3	0	Aaaaa0aaa00	1	NNNoNot010d10nd10	0
V89P0066T03541	3	0	11	0	A00A0000A00000	1	VVV8V891415413541	0
p-CarbomethoxybenzamideA.p-Carbomethoxylbenzamide.	3	43	0	1	aAaaaaaaaaaaaaaaaaaaaaAaAaaaaaaaaaaaaaaaaaaaaa	1	ppp-p-C.e.de.ide.	0
bathtemperature)underair	0	23	0	1	aaaaaaaaaaaaaaaaaaaaaaa	1	bbbabatrirairrair	0
280	0	0	3	0	000	0		0
287	0	0	3	0	000	0		0
Thesolidistransferredto	1	22	0	0	Aaaaaaaaaaaaaaaaaaaaaaa	1	TTThTheotodtoedto	0
solid.V89P0066S1	3	5	7	1	aaaaaA00A0000A0	1	sssosol1S16S166S1	0
downtoroom	0	10	0	0	aaaaaaaaaa	1	dddodowmomoomroom	0
S111251149p-carbomethoxylbenzamide	1	23	9	1	A000000000aaaaaaaaaaaaaaaaaaaaaaa	1	SSS1S11edeidemide	0
themixture	0	10	0	0	aaaaaaaaaa	1	ttththeereureture	0
iswashed	0	8	0	0	aaaaaaaa	1	iiisiswdedhedshed	0
undervacuum(0.1	0	11	2	1	aaaaaaaaaaa00	1	uuunund1.10.1(0.1	0
280287tolueneCLASS	5	7	6	0	000000aaaaaaaAAAAA	1	2228280SSSASSLASS	0
(9.2g	0	1	2	1	00a	1	(((9(9.g2g.2g9.2g	0
solidistransferredtoa	0	21	0	0	aaaaaaaaaaaaaaaaaaaaa	1	sssosolaoatoadtoa	0
pressureon	0	10	0	0	aaaaaaaaaa	1	ppprprenoneonreon	0
catalyst(145mg	0	10	3	1	aaaaaaaa000aa	1	cccacatgmg5mg45mg	0
280287toluene	0	7	6	0	000000aaaaaaa	1	2228280eneeneuene	0
stirringbar	0	11	0	0	aaaaaaaaaaa	1	ssststirarbargbar	0
solid.V89P0066	2	5	6	1	aaaaaA00A0000	1	sssosol6660660066	0
Thereactionmixtureisheated	1	25	0	0	Aaaaaaaaaaaaaaaaaaaaaaaaaa	1	TTThThededtedated	0
5).Thereaction	1	10	1	1	0Aaaaaaaaaaa	1	555)5).noniontion	0
a50-mLround-bottomed	1	15	2	1	a00aAaaaaaaaaaaaaa	1	aaa5a50dedmedomed	0
ischarged	0	9	0	0	aaaaaaaaa	1	iiisiscdedgedrged	0
reagent:methylp-cyanobenzoate	0	27	0	1	aaaaaaaaaaaaaaaaaaaaaaaaaaa	1	rrrereaeteateoate	0
31mmol)(	0	4	2	1	00aaaa	1	333131m()(l)(ol)(	0
anoilbath(bath	0	13	0	1	aaaaaaaaaaaaa	1	aaananohthathbath	0
p-carbomethoxylbenzamideCLASS	5	23	0	1	aaaaaaaaaaaaaaaaaaaaaaaAAAAA	1	ppp-p-cSSSASSLASS	0
327Wilkinson'scatalyst	1	17	3	1	000Aaaaaaaaaaaaaaaaaa	1	3332327tstystlyst	0
methylp-cyanobenzoate(5.0g	0	21	2	1	aaaaaaaaaaaaaaaaaaaa00a	1	mmmemetg0g.0g5.0g	0
S1163168ArgonCLASS	7	4	7	0	A0000000AaaaaAAAAA	1	SSS1S11SSSASSLASS	0
round-bottomedflaskand	0	21	0	1	aaaaaaaaaaaaaaaaaaaaa	1	rrroroudndandkand	0
and10)	0	3	2	1	aaa00	1	aaanand)0)10)d10)	0
4handthenis	0	10	1	0	0aaaaaaaaaa	1	444h4hasisnisenis	0
totheconcentrate	0	16	0	0	aaaaaaaaaaaaaaaa	1	tttototeteaterate	0
(Note2),	1	3	1	1	Aaaa0	1	(((N(No,),2),e2),	0
followingorderof	0	16	0	0	aaaaaaaaaaaaaaaa	1	fffofolfofroferof	0
CLASSV89P0066S1163	8	0	10	0	AAAAAA00A0000A0000	1	CCCLCLA3631631163	0
p-carbomethoxylbenzamideCLASSV89P0066S1280	8	23	10	1	aaaaaaaaaaaaaaaaaaaaaaaAAAAAA00A0000A0000	1	ppp-p-c0802801280	0
addedto	0	7	0	0	aaaaaaa	1	aaadaddotodtoedto	0
driedundervacuum(0.1	0	16	2	1	aaaaaaaaaaaaaaaa00	1	dddrdri1.10.1(0.1	0
p-CarbomethoxylbenzamideCLASS	6	22	0	1	aAaaaaaaaaaaaaaaaaaaaaaAAAAA	1	ppp-p-CSSSASSLASS	0
9.5	0	0	2	1	00	0		0
9.2	0	0	2	1	00	0		0
funnel	0	6	0	0	aaaaaa	1	fffufunlelnelnnel	0
for1hand	0	7	1	0	aaa0aaaa	1	fffofordndandhand	0
temperature40-45ºC	1	12	4	1	aaaaaaaaaaa0000aA	1	tttetemCºC5ºC45ºC	0
CLASSV89P0066S1327	8	0	10	0	AAAAAA00A0000A0000	1	CCCLCLA7273271327	0
mm),a	0	3	0	1	aaa	1	mmmmmm)a,a),am),a	0
withamagneticstirringbar	0	24	0	0	aaaaaaaaaaaaaaaaaaaaaaaa	1	wwwiwitrarbargbar	0
filteredthroughaBüchner	1	22	0	0	aaaaaaaaaaaaaaaaAaaaaaa	1	fffifilrernerhner	0
5.1g(92%	0	1	4	1	00a00	1	555.5.1%2%92%(92%	0
327Wilkinson's	1	9	3	1	000Aaaaaaaaaa	1	3332327s'sn'son's	0
723	0	0	3	0	000	0		0
728	0	0	3	0	000	0		0
water(40ml)	0	7	2	1	aaaaa00aa	1	wwwawat)l)ml)0ml)	0
iswashedwith	0	12	0	0	aaaaaaaaaaaa	1	iiisiswhthithwith	0
9and10)	0	3	3	1	0aaa00	1	999a9an)0)10)d10)	0
90~100°Cbath	1	4	5	1	00000Aaaaa	1	999090~hthathbath	0
.Theresultingmixture	1	18	0	1	Aaaaaaaaaaaaaaaaaaa	1	...T.Thereureture	0
43	0	0	2	0	00	0		0
40	0	0	2	0	00	0		0
41	0	0	2	0	00	0		0
aBüchner	1	7	0	0	aAaaaaaa	1	aaaBaBürernerhner	0
bar(round	0	8	0	1	aaaaaaaa	1	bbbabardndundound	0
:methylp-cyanobenzoate(	0	20	0	1	aaaaaaaaaaaaaaaaaaaa	1	:::m:me(e(te(ate(	0
,0.5mol	0	3	2	1	00aaa	1	,,,0,0.lolmol5mol	0
),andacetaldoxime(	0	15	0	1	aaaaaaaaaaaaaaa	1	))),),a(e(me(ime(	0
(round,5	0	5	1	1	aaaaa0	1	(((r(ro5,5d,5nd,5	0
156mmol,	0	4	3	1	000aaaa	1	1115156,l,ol,mol,	0
Water(20mL	2	5	2	1	Aaaaa00aA	1	WWWaWatLmL0mL20mL	0
S1163	1	0	4	0	A0000	1	SSS1S113631631163	0
isfilteredthrough	0	17	0	0	aaaaaaaaaaaaaaaaa	1	iiisisfhghughough	0
4366p-Carbomethoxybenzamide	1	21	4	1	0000aAaaaaaaaaaaaaaaaaaaaa	1	4443436edeidemide	0
mol%)	0	3	0	1	aaa	1	mmmomol)%)l%)ol%)	0
4h	0	1	1	0	0a	0		0
andcooleddowntoroom	0	19	0	0	aaaaaaaaaaaaaaaaaaa	1	aaanandmomoomroom	0
